OAS_NUMBER,VERIFICATION_STATUS,COUNTRY,STATE,CITY,LATITUDE_DECIMAL,LONGITUDE_DECIMAL,LATITUDE_DMS,LONGITUDE_DMS,OBSTACLE_TYPE,QUANTITY,AGL_HT,AMSL_HT,LIGHTING,HORIZONTAL_ACCURACY,VERTICAL_ACCURACY,MARK_INDICATOR,FAA_STUDY_NUMBER,ACTION,JULIAN_DATE
36-020752,O,US,NY,NEW YORK,40.523694,-74.214694,40 31 25.30N,074 12 52.90W,TOWER,1,58,88,N,5.0,D,N,2010AEA01654OE A,20,10134
36-000225,O,US,NY,BROOKLYN,40.573611,-73.884722,40 34 25.00N,073 53 05.00W,BRIDGE,1,226,226,R,5.0,D,M,C,20,14152
36-006174,U,US,NY,BROOKLYN,40.575,-73.999722,40 34 30.00N,073 59 59.00W,BLDG,1,194,203,U,,,U,A,19,76150
36-213501,O,US,NY,BROOKLYN,40.575964,-73.982628,40 34 33.47N,073 58 57.46W,BLDG,1,310,316,N,1.0,A,N,2021AEA05808OE C,20,23243
36-225709,O,US,NY,BROOKLYN,40.579322,-73.973956,40 34 45.56N,073 58 26.24W,BLDG,1,270,278,R,4.0,D,N,2022AEA11684OE A,20,24004
36-030036,O,US,NY,BROOKLYN,40.586403,-73.953442,40 35 11.05N,073 57 12.39W,BLDG,1,340,347,R,4.0,D,N,2015AEA00018OE A,20,16354
36-000251,O,US,NY,NEW YORK,40.591247,-74.198669,40 35 28.49N,074 11 55.21W,STACK,1,499,515,D,5.0,D,N,2008AEA02455OE C,20,9127
36-173275,O,US,NY,NEW YORK,40.591383,-73.807856,40 35 28.98N,073 48 28.28W,TOWER,1,145,150,N,2.0,C,N,2020AEA10805OE A,20,21102
36-222031,O,US,NY,BROOKLYN,40.595272,-73.950297,40 35 42.98N,073 57 01.07W,BLDG,1,261,275,N,4.0,D,N,2022AEA12752OE A,20,23320
36-150633,U,US,NY,BROOKLYN,40.604639,-73.899061,40 36 16.70N,073 53 56.62W,BRIDGE,1,72,72,N,4.0,D,N,2015AEA05775OE A,20,19092
36-000270,O,US,NY,BROOKLYN,40.608333,-74.038611,40 36 30.00N,074 02 19.00W,BRIDGE,1,693,693,R,3.0,C,N,C,20,14152
36-002040,U,US,NY,BROOKLYN,40.609167,-74.024444,40 36 33.00N,074 01 28.00W,BLDG,1,254,278,R,4.0,D,N,1999AEA02746OE C,20,14124
36-025859,O,US,NY,BROOKLYN,40.6117,-73.914181,40 36 42.12N,073 54 51.05W,TOWER,1,105,113,N,1.0,A,N,2012AEA04972OE A,20,12339
36-006175,O,US,NY,BROOKLYN,40.614611,-73.926833,40 36 52.60N,073 55 36.60W,BLDG-TWR,1,113,130,N,5.0,D,N,C,20,14037
36-022715,O,US,NY,NEW YORK,40.615589,-73.761158,40 36 56.12N,073 45 40.17W,T-L TWR,1,151,151,U,1.0,A,U,A,20,11035
36-022716,O,US,NY,NEW YORK,40.618061,-73.759628,40 37 05.02N,073 45 34.66W,T-L TWR,1,139,140,U,1.0,A,U,A,20,11035
36-226210,U,US,NY,BROOKLYN,40.618333,-74.021667,40 37 06.00N,074 01 18.00W,BLDG,1,104,183,N,4.0,D,N,2020AEA07276OE A,20,23305
36-022714,O,US,NY,NEW YORK,40.618472,-73.7517,40 37 06.50N,073 45 06.12W,T-L TWR,1,99,111,U,1.0,A,U,A,20,11035
36-197814,U,US,NY,BROOKLYN,40.620481,-73.964819,40 37 13.73N,073 57 53.35W,BLDG,1,207,241,R,1.0,A,N,2020AEA01406OE A,20,22271
36-022720,O,US,NY,NEW YORK,40.623753,-73.769956,40 37 25.51N,073 46 11.84W,BLDG,1,9,17,U,1.0,A,U,A,20,11035
36-022718,O,US,NY,NEW YORK,40.624308,-73.771219,40 37 27.51N,073 46 16.39W,NAVAID,1,7,17,U,1.0,A,U,A,20,11035
36-022719,O,US,NY,NEW YORK,40.625258,-73.784269,40 37 30.93N,073 47 03.37W,TOWER,1,34,42,U,1.0,A,U,A,20,11035
36-022713,O,US,NY,NEW YORK,40.625414,-73.768539,40 37 31.49N,073 46 06.74W,POLE,1,25,29,U,1.0,A,U,A,20,11035
36-022712,O,US,NY,NEW YORK,40.625481,-73.784017,40 37 31.73N,073 47 02.46W,POLE,1,22,29,U,1.0,A,U,A,20,11035
36-022711,O,US,NY,NEW YORK,40.626011,-73.768158,40 37 33.64N,073 46 05.37W,POLE,1,25,29,U,1.0,A,U,A,20,11035
36-022705,O,US,NY,NEW YORK,40.628361,-73.769731,40 37 42.10N,073 46 11.03W,TOWER,1,36,45,U,1.0,A,U,A,20,11035
36-022704,O,US,NY,NEW YORK,40.628839,-73.777939,40 37 43.82N,073 46 40.58W,NAVAID,1,21,28,U,1.0,A,U,A,20,11035
36-022708,O,US,NY,NEW YORK,40.629014,-73.771911,40 37 44.45N,073 46 18.88W,NAVAID,1,21,30,U,1.0,A,U,A,20,11035
36-022709,O,US,NY,NEW YORK,40.629028,-73.778636,40 37 44.50N,073 46 43.09W,NAVAID,1,9,17,U,1.0,A,U,A,20,11035
36-001355,O,US,NY,NEW YORK,40.630556,-73.741667,40 37 50.00N,073 44 30.00W,STACK,1,129,133,N,5.0,D,N,C,20,14152
36-022706,O,US,NY,NEW YORK,40.632883,-73.771389,40 37 58.38N,073 46 17.00W,NAVAID,1,39,48,U,1.0,A,U,A,20,11035
36-022707,O,US,NY,NEW YORK,40.633297,-73.785947,40 37 59.87N,073 47 09.41W,TOWER,1,43,51,U,1.0,A,U,A,20,11035
36-022702,O,US,NY,NEW YORK,40.633906,-73.774156,40 38 02.06N,073 46 26.96W,POLE,1,23,32,U,1.0,A,U,A,20,11035
36-022691,O,US,NY,NEW YORK,40.634742,-73.779783,40 38 05.07N,073 46 47.22W,TOWER,1,53,62,U,1.0,A,U,A,20,11035
36-022692,O,US,NY,NEW YORK,40.634939,-73.761167,40 38 05.78N,073 45 40.20W,POLE,1,20,34,U,1.0,A,U,A,20,11035
36-022689,O,US,NY,NEW YORK,40.635344,-73.758953,40 38 07.24N,073 45 32.23W,TOWER,1,41,56,U,1.0,A,U,A,20,11035
36-022703,O,US,NY,NEW YORK,40.638711,-73.766258,40 38 19.36N,073 45 58.53W,TOWER,1,61,70,U,1.0,A,U,A,20,11035
36-022694,O,US,NY,NEW YORK,40.639244,-73.770533,40 38 21.28N,073 46 13.92W,TOWER,1,32,41,U,1.0,A,U,A,20,11035
36-022693,O,US,NY,NEW YORK,40.639558,-73.766431,40 38 22.41N,073 45 59.15W,TOWER,1,108,118,U,1.0,A,U,A,20,11035
36-022690,O,US,NY,NEW YORK,40.640133,-73.7515,40 38 24.48N,073 45 05.40W,POLE,1,28,46,U,1.0,A,U,A,20,11035
36-022695,O,US,NY,NEW YORK,40.642142,-73.755403,40 38 31.71N,073 45 19.45W,POLE,1,20,33,U,1.0,A,U,A,20,11035
36-022685,O,US,NY,NEW YORK,40.64265,-73.755067,40 38 33.54N,073 45 18.24W,NAVAID,1,23,35,U,1.0,A,U,A,20,11035
36-022687,O,US,NY,NEW YORK,40.642767,-73.755011,40 38 33.96N,073 45 18.04W,POLE,1,22,33,U,1.0,A,U,A,20,11035
36-022683,O,US,NY,NEW YORK,40.643169,-73.761961,40 38 35.41N,073 45 43.06W,FENCE,1,17,27,U,1.0,A,U,A,20,11035
36-025300,O,US,NY,BROOKLYN,40.645875,-74.006231,40 38 45.15N,074 00 22.43W,BLDG,1,61,223,N,1.0,A,N,2011AEA00208OE A,20,11209
36-022684,O,US,NY,NEW YORK,40.647294,-73.763378,40 38 50.26N,073 45 48.16W,POLE,1,18,30,U,1.0,A,U,A,20,11035
36-022676,O,US,NY,NEW YORK,40.647314,-73.764172,40 38 50.33N,073 45 51.02W,TOWER,1,41,53,U,1.0,A,U,A,20,11035
36-022672,O,US,NY,NEW YORK,40.647536,-73.76425,40 38 51.13N,073 45 51.30W,POLE,1,18,30,U,1.0,A,U,A,20,11035
36-022675,O,US,NY,NEW YORK,40.647658,-73.752967,40 38 51.57N,073 45 10.68W,NAVAID,1,10,20,U,1.0,A,U,A,20,11035
36-022674,O,US,NY,NEW YORK,40.648136,-73.753661,40 38 53.29N,073 45 13.18W,NAVAID,1,25,34,U,1.0,A,U,A,20,11035
36-022671,O,US,NY,NEW YORK,40.648567,-73.808472,40 38 54.84N,073 48 30.50W,BLDG,1,74,86,U,1.0,A,U,A,20,11035
36-022673,O,US,NY,NEW YORK,40.648656,-73.823353,40 38 55.16N,073 49 24.07W,TANK,1,46,49,U,1.0,A,U,A,20,11035
36-022681,O,US,NY,NEW YORK,40.649328,-73.820636,40 38 57.58N,073 49 14.29W,BLDG,1,13,22,U,1.0,A,U,A,20,11035
36-022670,O,US,NY,NEW YORK,40.649644,-73.759314,40 38 58.72N,073 45 33.53W,POLE,1,42,53,U,1.0,A,U,A,20,11035
36-022677,O,US,NY,NEW YORK,40.6499,-73.820117,40 38 59.64N,073 49 12.42W,NAVAID,1,11,21,U,1.0,A,U,A,20,11035
36-022678,O,US,NY,NEW YORK,40.650192,-73.769078,40 39 00.69N,073 46 08.68W,POLE,1,33,45,U,1.0,A,U,A,20,11035
36-022660,O,US,NY,NEW YORK,40.650992,-73.76295,40 39 03.57N,073 45 46.62W,NAVAID,1,9,21,U,1.0,A,U,A,20,11035
36-022659,O,US,NY,NEW YORK,40.651103,-73.763133,40 39 03.97N,073 45 47.28W,TOWER,1,15,27,U,1.0,A,U,A,20,11035
36-022663,O,US,NY,NEW YORK,40.651114,-73.768908,40 39 04.01N,073 46 08.07W,BLDG,1,63,74,U,1.0,A,U,A,20,11035
36-022661,O,US,NY,NEW YORK,40.651222,-73.762989,40 39 04.40N,073 45 46.76W,GEN UTIL,1,16,28,U,1.0,A,U,A,20,11035
36-022662,O,US,NY,NEW YORK,40.652825,-73.772367,40 39 10.17N,073 46 20.52W,BLDG,1,78,88,U,1.0,A,U,A,20,11035
36-022664,O,US,NY,NEW YORK,40.653017,-73.767147,40 39 10.86N,073 46 01.73W,BLDG,1,69,81,U,1.0,A,U,A,20,11035
36-151499,U,US,NY,NEW YORK,40.653722,-73.866083,40 39 13.40N,073 51 57.90W,BLDG,1,77,89,N,4.0,D,N,2017AEA12537OE A,20,19182
36-022648,O,US,NY,NEW YORK,40.653775,-73.786308,40 39 13.59N,073 47 10.71W,POLE,1,34,43,U,1.0,A,U,A,20,11035
36-151498,U,US,NY,NEW YORK,40.653833,-73.867083,40 39 13.80N,073 52 01.50W,BLDG,1,109,122,N,4.0,D,N,2017AEA12538OE A,20,19182
36-022653,O,US,NY,NEW YORK,40.654094,-73.784678,40 39 14.74N,073 47 04.84W,TOWER,1,49,59,U,1.0,A,U,A,20,11035
36-022652,O,US,NY,NEW YORK,40.654222,-73.819633,40 39 15.20N,073 49 10.68W,BLDG,1,100,110,U,1.0,A,U,A,20,11035
36-025675,O,US,NY,BROOKLYN,40.654319,-73.896231,40 39 15.55N,073 53 46.43W,POLE,1,80,92,N,1.0,A,N,2012AEA01998OE A,20,12153
36-022649,O,US,NY,NEW YORK,40.655283,-73.789411,40 39 19.02N,073 47 21.88W,POLE,1,35,44,U,1.0,A,U,A,20,11035
36-022655,O,US,NY,NEW YORK,40.656128,-73.780953,40 39 22.06N,073 46 51.43W,BLDG,1,49,58,U,1.0,A,U,A,20,11035
36-022651,O,US,NY,NEW YORK,40.656269,-73.790922,40 39 22.57N,073 47 27.32W,FENCE,1,16,26,U,1.0,A,U,A,20,11035
36-000231,O,US,NY,BROOKLYN,40.656944,-73.937778,40 39 25.00N,073 56 16.00W,BLDG,1,293,337,U,9.0,I,M,C,20,14152
36-022650,O,US,NY,NEW YORK,40.657342,-73.792108,40 39 26.43N,073 47 31.59W,FENCE,1,16,27,U,1.0,A,U,A,20,11035
36-151500,U,US,NY,NEW YORK,40.657583,-73.868111,40 39 27.30N,073 52 05.20W,BLDG,1,109,123,N,4.0,D,N,2017AEA12541OE A,20,19182
36-022654,O,US,NY,NEW YORK,40.657631,-73.792636,40 39 27.47N,073 47 33.49W,POLE,1,19,30,U,1.0,A,U,A,20,11035
36-151496,U,US,NY,NEW YORK,40.657806,-73.867472,40 39 28.10N,073 52 02.90W,BLDG,1,87,103,N,4.0,D,N,2017AEA12539OE A,20,19182
36-151501,U,US,NY,NEW YORK,40.657917,-73.867806,40 39 28.50N,073 52 04.10W,BLDG,1,109,123,N,4.0,D,N,2017AEA12540OE A,20,19182
36-022636,O,US,NY,NEW YORK,40.657944,-73.76945,40 39 28.60N,073 46 10.02W,BLDG,1,116,125,U,1.0,A,U,A,20,11035
36-022637,O,US,NY,NEW YORK,40.658053,-73.790814,40 39 28.99N,073 47 26.93W,ELEC SYS,1,7,18,U,1.0,A,U,A,20,11035
36-151502,U,US,NY,NEW YORK,40.658167,-73.866278,40 39 29.40N,073 51 58.60W,BLDG,1,109,122,N,4.0,D,N,2017AEA12542OE A,20,19183
36-022641,O,US,NY,NEW YORK,40.658181,-73.795967,40 39 29.45N,073 47 45.48W,POLE,1,55,67,U,1.0,A,U,A,20,11035
36-022642,O,US,NY,NEW YORK,40.659281,-73.795944,40 39 33.41N,073 47 45.40W,POLE,1,54,66,U,1.0,A,U,A,20,11035
36-022640,O,US,NY,NEW YORK,40.659492,-73.791514,40 39 34.17N,073 47 29.45W,POLE,1,22,31,U,1.0,A,U,A,20,11035
36-150721,U,US,NY,NEW YORK,40.66,-73.871389,40 39 36.00N,073 52 17.00W,BLDG,1,42,56,N,4.0,D,N,2018AEA13257OE A,20,19141
36-022639,O,US,NY,NEW YORK,40.660178,-73.790039,40 39 36.64N,073 47 24.14W,BLDG,1,45,55,U,1.0,A,U,A,20,11035
36-150875,U,US,NY,NEW YORK,40.660278,-73.870833,40 39 37.00N,073 52 15.00W,BLDG,1,42,56,N,4.0,D,N,2018AEA13258OE A,20,19165
36-022645,O,US,NY,NEW YORK,40.661011,-73.791614,40 39 39.64N,073 47 29.81W,POLE,1,49,58,U,1.0,A,U,A,20,11035
36-022643,O,US,NY,NEW YORK,40.6611,-73.795917,40 39 39.96N,073 47 45.30W,POLE,1,42,54,U,1.0,A,U,A,20,11035
36-022644,O,US,NY,NEW YORK,40.662128,-73.7959,40 39 43.66N,073 47 45.24W,POLE,1,54,66,U,1.0,A,U,A,20,11035
36-001537,O,US,NY,BROOKLYN,40.663714,-73.961389,40 39 49.37N,073 57 41.00W,TOWER,1,310,395,D,5.0,D,N,2004AEA00150OE C,20,6093
36-002411,O,US,NY,BROOKLYN,40.664444,-73.958889,40 39 52.00N,073 57 32.00W,BLDG-TWR,1,262,342,R,5.0,D,N,2004AEA01590OE C,20,6141
36-001396,O,US,NY,BROOKLYN,40.664722,-73.9575,40 39 53.00N,073 57 27.00W,BLDG-TWR,1,400,484,R,3.0,D,N,1996AEA01077OE C,20,14152
36-150392,U,US,NY,NEW YORK,40.665242,-73.808794,40 39 54.87N,073 48 31.66W,BLDG,1,53,72,N,4.0,D,N,2017AEA05179OE A,20,18332
36-178874,U,US,NY,NEW YORK,40.665375,-73.809006,40 39 55.35N,073 48 32.42W,BLDG,1,118,143,N,4.0,D,N,2018AEA14584OE A,20,21217
36-022638,O,US,NY,NEW YORK,40.665569,-73.811028,40 39 56.05N,073 48 39.70W,BLDG,1,68,90,N,1.0,D,N,2012AEA02048OE C,20,12153
36-221929,U,US,NY,NEW YORK,40.666103,-73.785467,40 39 57.97N,073 47 07.68W,BLDG,1,42,56,N,4.0,D,N,2021AEA15730OE A,20,23172
36-025676,O,US,NY,BROOKLYN,40.666753,-73.870572,40 40 00.31N,073 52 14.06W,POLE,1,77,92,N,1.0,A,N,2012AEA01916OE A,20,12153
36-001394,O,US,NY,BROOKLYN,40.667222,-73.959167,40 40 02.00N,073 57 33.00W,BLDG,1,331,440,R,3.0,C,N,1994AEA00417OE C,20,14152
36-129834,U,US,NY,NEW YORK,40.668525,-73.800561,40 40 06.69N,073 48 02.02W,POLE,1,27,47,N,4.0,D,N,2017AEA09827OE A,20,18064
36-001395,O,US,NY,BROOKLYN,40.670833,-73.971944,40 40 15.00N,073 58 19.00W,BLDG,2,212,354,U,3.0,C,U,C,20,14152
36-024695,O,US,NY,BROOKLYN,40.6713,-73.985017,40 40 16.68N,073 59 06.06W,BLDG,1,67,106,N,2.0,C,N,2010AEA04583OE A,20,11192
36-001390,O,US,NY,BROOKLYN,40.671944,-73.971111,40 40 19.00N,073 58 16.00W,BLDG,1,202,351,U,3.0,C,U,C,20,14152
36-129794,U,US,NY,NEW YORK,40.672181,-73.961161,40 40 19.85N,073 57 40.18W,POLE,1,27,170,N,4.0,D,N,2017AEA07390OE A,20,18037
36-129825,U,US,NY,NEW YORK,40.672319,-73.801767,40 40 20.35N,073 48 06.36W,POLE,1,27,50,N,4.0,D,N,2017AEA09800OE A,20,18064
36-001391,O,US,NY,BROOKLYN,40.673056,-73.971389,40 40 23.00N,073 58 17.00W,BLDG,1,202,336,U,3.0,C,U,C,20,14152
36-001393,O,US,NY,BROOKLYN,40.673333,-73.976389,40 40 24.00N,073 58 35.00W,BLDG,1,207,305,U,3.0,C,U,C,20,14152
36-025308,O,US,NY,BROOKLYN,40.673575,-73.903692,40 40 24.87N,073 54 13.29W,BLDG,1,103,163,N,1.0,A,N,2011AEA00476OE A,20,11209
36-129798,U,US,NY,NEW YORK,40.673758,-73.963089,40 40 25.53N,073 57 47.12W,UTILITY POLE,1,27,166,N,4.0,D,N,2017AEA07392OE A,20,18046
36-001392,O,US,NY,BROOKLYN,40.675278,-73.971111,40 40 31.00N,073 58 16.00W,BLDG,1,204,327,U,3.0,C,U,C,20,14152
36-220099,U,US,NY,BROOKLYN,40.676167,-73.871611,40 40 34.20N,073 52 17.80W,BLDG,1,93,125,N,4.0,D,N,2022AEA06228OE A,20,23082
36-025377,O,US,NY,BROOKLYN,40.676253,-73.987286,40 40 34.51N,073 59 14.23W,BLDG,1,88,104,N,1.0,A,N,2011AEA00624OE A,20,11210
36-025740,O,US,NY,BROOKLYN,40.678828,-73.925919,40 40 43.78N,073 55 33.31W,BLDG,1,103,160,N,2.0,C,N,2012AEA02990OE A,20,12233
36-171565,O,US,NY,NEW YORK,40.679592,-73.902525,40 40 46.53N,073 54 09.09W,TOWER,1,299,397,D,2.0,C,N,2018AEA13723OE A,20,20265
36-000269,O,US,NY,BROOKLYN,40.679722,-73.901389,40 40 47.00N,073 54 05.00W,TOWER,1,310,411,H,5.0,D,N,1997AEA01572OE C,20,14152
36-025741,O,US,NY,BROOKLYN,40.680514,-74.015278,40 40 49.85N,074 00 55.00W,TOWER,1,131,133,N,5.0,D,N,2012AEA03045OE A,20,12233
36-197642,O,US,NY,BROOKLYN,40.681056,-73.9685,40 40 51.80N,073 58 06.60W,BLDG,1,338,415,R,4.0,D,N,2019AEA08013OE A,20,22137
36-025649,O,US,NY,NEW YORK,40.681358,-73.958033,40 40 52.89N,073 57 28.92W,BLDG,1,114,183,N,5.0,D,N,2010AEA03067OE A,20,12299
36-030041,O,US,NY,BROOKLYN,40.681667,-73.975278,40 40 54.00N,073 58 31.00W,BLDG,1,345,396,R,4.0,D,N,2016AEA00100OE A,20,16363
36-171611,O,US,NY,NEW YORK,40.682197,-73.967283,40 40 55.91N,073 58 02.22W,BLDG,1,342,416,R,4.0,D,N,2020AEA06087OE C,20,22188
36-025785,O,US,NY,NEW YORK,40.682389,-73.971936,40 40 56.60N,073 58 18.97W,BLDG,1,106,158,N,2.0,C,N,2012AEA03433OE A,20,12278
36-001401,O,US,NY,BROOKLYN,40.6825,-73.984167,40 40 57.00N,073 59 03.00W,BLDG,3,229,250,U,3.0,C,U,C,20,14152
36-001397,O,US,NY,BROOKLYN,40.682778,-73.97,40 40 58.00N,073 58 12.00W,BLDG,1,335,384,U,3.0,C,U,2009AEA01874OE C,20,11052
36-178692,O,US,NY,NEW YORK,40.682839,-73.974044,40 40 58.22N,073 58 26.56W,BLDG,1,556,610,N,1.0,A,N,2019AEA08982OE A,20,21179
36-000224,O,US,NY,BROOKLYN,40.685497,-73.977739,40 41 07.79N,073 58 39.86W,BLDG,1,526,568,R,3.0,C,M,2005AEA03803OE C,20,6001
36-025555,O,US,NY,BROOKLYN,40.685697,-73.957264,40 41 08.51N,073 57 26.15W,BLDG,1,83,146,N,1.0,A,N,2011AEA03656OE A,20,11339
36-226660,O,US,NY,BROOKLYN,40.685775,-73.978961,40 41 08.79N,073 58 44.26W,BLDG,1,507,549,R,2.0,D,N,2020AEA09677OE A,20,24096
36-030018,O,US,NY,BROOKLYN,40.686464,-73.978364,40 41 11.27N,073 58 42.11W,BLDG,1,395,438,R,4.0,D,N,2016AEA05035OE A,20,16350
36-150446,O,US,NY,BROOKLYN,40.687331,-73.980808,40 41 14.39N,073 58 50.91W,BLDG,1,567,609,H,1.0,A,N,2018AEA10839OE A,20,18348
36-025692,O,US,NY,NEW YORK,40.687583,-73.717422,40 41 15.30N,073 43 02.72W,BLDG,1,75,123,N,1.0,A,N,2012AEA02349OE A,20,12167
36-030054,O,US,NY,BROOKLYN,40.687869,-73.978928,40 41 16.33N,073 58 44.14W,BLDG,1,570,606,R,4.0,D,N,2022AEA12802OE C,20,23304
36-002782,O,US,NY,BROOKLYN,40.688158,-73.97875,40 41 17.37N,073 58 43.50W,BLDG,1,325,361,R,5.0,D,N,2005AEA02820OE C,20,7315
36-120554,O,US,NY,BROOKLYN,40.688511,-73.983453,40 41 18.64N,073 59 00.43W,BLDG,1,270,316,R,2.0,C,N,2015AEA07079OE A,20,17195
36-150769,O,US,NY,NEW YORK,40.688561,-73.981169,40 41 18.82N,073 58 52.21W,BLDG,1,306,343,N,1.0,A,N,2019AEA04411OE A,20,19142
36-169594,O,US,NY,BROOKLYN,40.688825,-73.9813,40 41 19.77N,073 58 52.68W,BLDG,1,534,570,R,4.0,D,N,2018AEA13968OE C,20,22230
36-001398,O,US,NY,BROOKLYN,40.688889,-73.963889,40 41 20.00N,073 57 50.00W,BLDG,2,253,326,U,3.0,C,U,C,20,14152
36-000212,O,US,NY,BROOKLYN,40.689167,-73.976389,40 41 21.00N,073 58 35.00W,TOWER,1,597,648,U,3.0,C,M,0000_EA05556OE C,20,14152
36-001399,O,US,NY,BROOKLYN,40.689167,-73.961667,40 41 21.00N,073 57 42.00W,BLDG,1,252,323,U,3.0,C,U,C,20,14152
36-029698,O,US,NY,BROOKLYN,40.689264,-73.988578,40 41 21.35N,073 59 18.88W,BLDG,1,233,271,N,4.0,D,N,2017AEA00205OE C,20,17087
36-001400,O,US,NY,BROOKLYN,40.69,-73.958889,40 41 24.00N,073 57 32.00W,BLDG,1,227,296,U,3.0,C,U,C,20,14152
36-133237,U,US,NY,BROOKLYN,40.69025,-73.986583,40 41 24.90N,073 59 11.70W,BLDG,1,280,328,N,4.0,D,N,2018AEA04032OE A,20,18144
36-025810,O,US,NY,BROOKLYN,40.690356,-73.925428,40 41 25.28N,073 55 31.54W,BLDG-TWR,1,93,147,N,1.0,A,N,2015AEA02416OE C,20,16141
36-160119,O,US,NY,BROOKLYN,40.690667,-73.982194,40 41 26.40N,073 58 55.90W,BLDG,1,1005,1048,R,4.0,D,N,2019AEA14486OE C,20,22326
36-171585,O,US,NY,NEW YORK,40.691111,-73.979722,40 41 28.00N,073 58 47.00W,BLDG,1,463,498,R,4.0,D,N,2019AEA05977OE A,20,20272
36-173433,O,US,NY,NEW YORK,40.691147,-73.983781,40 41 28.13N,073 59 01.61W,BLDG,1,572,618,N,4.0,D,N,2019AEA06693OE C,20,23030
36-027659,O,US,NY,BROOKLYN,40.691667,-73.985306,40 41 30.00N,073 59 07.10W,BLDG,1,621,666,R,5.0,D,N,2008AEA03166OE A,20,13302
36-150294,O,US,NY,BROOKLYN,40.691886,-73.982758,40 41 30.79N,073 58 57.93W,BLDG,1,721,770,R,4.0,D,N,2017AEA01223OE C,20,20111
36-030045,O,US,NY,BROOKLYN,40.691919,-73.984833,40 41 30.91N,073 59 05.40W,BLDG,1,626,672,R,4.0,D,N,2015AEA04207OE C,20,17005
36-001402,O,US,NY,BROOKLYN,40.691944,-73.991667,40 41 31.00N,073 59 30.00W,BLDG,1,398,460,U,3.0,C,N,C,20,14152
36-001403,O,US,NY,BROOKLYN,40.692222,-73.985,40 41 32.00N,073 59 06.00W,BLDG,1,399,440,U,3.0,C,N,C,20,14152
36-001505,O,US,NY,BROOKLYN,40.692778,-73.984444,40 41 34.00N,073 59 04.00W,BLDG,1,430,471,R,5.0,D,N,1989AEA01733OE C,20,14152
36-001407,O,US,NY,BROOKLYN,40.693333,-73.991111,40 41 36.00N,073 59 28.00W,BLDG,1,453,522,U,3.0,C,N,C,20,14152
36-001526,O,US,NY,BROOKLYN,40.693333,-73.987222,40 41 36.00N,073 59 14.00W,BLDG,1,369,411,N,5.0,D,N,1989AEA02166OE C,20,14152
36-124139,O,US,NY,BROOKLYN,40.693531,-73.982433,40 41 36.71N,073 58 56.76W,BLDG,1,385,419,R,4.0,D,N,2016AEA00389OE A,20,17244
36-002065,U,US,NY,BROOKLYN,40.693611,-73.991389,40 41 37.00N,073 59 29.00W,BLDG,1,353,428,U,4.0,D,N,1998AEA03099OE C,20,14124
36-025587,O,US,NY,BROOKLYN,40.69385,-73.977558,40 41 37.86N,073 58 39.21W,BLDG,1,105,139,N,2.0,C,N,2011AEA04334OE A,20,14086
36-020662,U,US,NY,BROOKLYN,40.694083,-73.982861,40 41 38.70N,073 58 58.30W,BLDG,1,440,468,R,4.0,D,N,2008AEA00001OE C,20,14124
36-025855,O,US,NY,BROOKLYN,40.694414,-73.99135,40 41 39.89N,073 59 28.86W,BLDG,1,175,255,N,2.0,C,N,2012AEA04907OE A,20,12339
36-002243,U,US,NY,BROOKLYN,40.695,-73.987222,40 41 42.00N,073 59 14.00W,BLDG,1,473,518,U,4.0,D,N,2000AEA04548OE C,20,14124
36-001408,O,US,NY,BROOKLYN,40.695,-73.991389,40 41 42.00N,073 59 29.00W,BLDG,1,392,471,R,3.0,C,N,1990AEA00294OE C,20,14152
36-129840,U,US,NY,NEW YORK,40.695572,-73.864119,40 41 44.06N,073 51 50.83W,POLE,1,23,124,N,4.0,D,N,2017AEA05690OE A,20,18060
36-027551,O,US,NY,BROOKLYN,40.695833,-73.987361,40 41 45.00N,073 59 14.50W,BLDG,1,166,211,N,2.0,C,N,2012AEA05760OE A,20,13088
36-002043,O,US,NY,BROOKLYN,40.696667,-73.989444,40 41 48.00N,073 59 22.00W,BLDG,1,260,338,R,5.0,D,N,1999AEA03190OE C,20,14152
36-025596,O,US,NY,BROOKLYN,40.696725,-73.953142,40 41 48.21N,073 57 11.31W,BLDG,1,141,160,N,1.0,A,N,2011AEA04459OE A,20,11362
36-001409,O,US,NY,BROOKLYN,40.697778,-73.994167,40 41 52.00N,073 59 39.00W,BLDG,1,329,405,U,3.0,C,U,C,20,14152
36-001404,O,US,NY,BROOKLYN,40.697778,-73.973611,40 41 52.00N,073 58 25.00W,TOWER,1,255,270,U,3.0,C,U,C,20,14152
36-001410,O,US,NY,BROOKLYN,40.698333,-73.991944,40 41 54.00N,073 59 31.00W,BLDG,1,335,407,U,3.0,C,U,C,20,14152
36-001405,O,US,NY,BROOKLYN,40.698333,-73.971111,40 41 54.00N,073 58 16.00W,BLDG-TWR,1,256,271,N,5.0,D,N,2013AEA00978OE C,20,13143
36-226747,U,US,NY,NEW YORK,40.698583,-73.806378,40 41 54.90N,073 48 22.96W,BLDG,1,288,331,R,1.0,A,N,2024AEA00784OE A,20,24135
36-001658,O,US,NY,BROOKLYN,40.699444,-73.9875,40 41 58.00N,073 59 15.00W,BLDG,1,395,454,D,4.0,D,N,1992AEA00669OE C,20,14152
36-173585,O,US,NY,LONG ISLAND,40.699503,-73.790017,40 41 58.21N,073 47 24.06W,TOWER,1,145,174,N,2.0,C,N,2020AEA05355OE A,20,21223
36-001406,O,US,NY,BROOKLYN,40.699722,-73.971667,40 41 59.00N,073 58 18.00W,TOWER,1,259,267,U,3.0,C,U,C,20,14152
36-001840,U,US,NY,BROOKLYN,40.7,-73.966667,40 42 00.00N,073 58 00.00W,STACK,2,310,330,D,4.0,D,N,1993AEA01935OE C,20,14124
36-001411,O,US,NY,BROOKLYN,40.7,-73.991389,40 42 00.00N,073 59 29.00W,BLDG,1,286,342,U,3.0,C,U,C,20,14152
36-150881,O,US,NY,BROOKLYN,40.700833,-73.9725,40 42 03.00N,073 58 21.00W,BLDG,1,273,279,R,4.0,D,N,2019AEA00354OE A,20,19175
36-129816,U,US,NY,NEW YORK,40.701253,-73.805186,40 42 04.51N,073 48 18.67W,POLE,1,30,79,N,4.0,D,N,2017AEA07357OE A,20,18059
36-020803,O,US,NY,BROOKLYN,40.701661,-73.988375,40 42 05.98N,073 59 18.15W,BLDG,1,297,333,R,5.0,D,N,2009AEA01096OE A,20,11020
36-151528,O,US,NY,BROOKLYN,40.701742,-73.98615,40 42 06.27N,073 59 10.14W,BLDG,1,298,329,R,4.0,D,N,2020AEA10778OE C,20,21019
36-151550,O,US,NY,BROOKLYN,40.702244,-73.984875,40 42 08.08N,073 59 05.55W,BLDG,1,292,329,R,4.0,D,N,2020AEA10774OE C,20,21026
36-226650,O,US,NY,NEW YORK,40.702856,-74.010992,40 42 10.28N,074 00 39.57W,BLDG,1,412,421,R,1.0,A,N,2023AEA04055OE A,20,24102
36-001523,O,US,NY,NEW YORK,40.703056,-74.011389,40 42 11.00N,074 00 41.00W,TOWER,1,385,394,R,5.0,D,M,1990AEA00295OE C,20,14152
36-001412,O,US,NY,BROOKLYN,40.703333,-73.990278,40 42 12.00N,073 59 25.00W,BLDG,1,286,297,U,3.0,C,U,C,20,14152
36-129835,U,US,NY,NEW YORK,40.703542,-73.806194,40 42 12.75N,073 48 22.30W,POLE,1,27,80,N,4.0,D,N,2017AEA07142OE A,20,18059
36-001413,O,US,NY,BROOKLYN,40.703611,-73.980556,40 42 13.00N,073 58 50.00W,STACK,1,375,384,R,3.0,C,M,1997AEA00314OE C,20,14152
36-025463,O,US,NY,NEW YORK,40.703639,-74.010283,40 42 13.10N,074 00 37.02W,BLDG,1,68,79,N,2.0,C,N,2021AEA15173OE C,20,24082
36-001415,O,US,NY,BROOKLYN,40.703889,-73.994444,40 42 14.00N,073 59 40.00W,BRIDGE,1,264,272,U,3.0,C,U,C,20,14152
36-001417,O,US,NY,BROOKLYN,40.705,-73.989444,40 42 18.00N,073 59 22.00W,BRIDGE,1,338,338,U,3.0,C,U,C,20,14152
36-025738,O,US,NY,NEW YORK,40.705,-74.014167,40 42 18.00N,074 00 51.00W,BLDG,1,330,345,N,2.0,C,N,2012AEA03169OE A,20,12233
36-001414,O,US,NY,BROOKLYN,40.705,-73.98,40 42 18.00N,073 58 48.00W,STACK,4,375,383,U,3.0,C,U,C,20,14152
36-129818,U,US,NY,NEW YORK,40.705142,-73.807967,40 42 18.51N,073 48 28.68W,POLE,1,30,92,N,4.0,D,N,2017AEA07358OE A,20,18058
36-129837,U,US,NY,NEW YORK,40.70545,-73.801586,40 42 19.62N,073 48 05.71W,POLE,1,27,85,N,4.0,D,N,2017AEA07365OE A,20,18068
36-001385,O,US,NY,NEW YORK,40.705464,-74.009667,40 42 19.67N,074 00 34.80W,BLDG,1,802,818,N,5.0,D,N,2002AEA00958OE C,20,14015
36-221964,O,US,NY,NEW YORK,40.706439,-73.793747,40 42 23.18N,073 47 37.49W,BLDG,1,221,285,R,4.0,D,N,2021AEA12790OE A,20,24032
36-198109,U,US,NY,NEW YORK,40.706711,-74.005492,40 42 24.16N,074 00 19.77W,BLDG,1,436,443,U,4.0,D,U,2022AEA02294OE A,20,22354
36-129836,U,US,NY,NEW YORK,40.706767,-73.802019,40 42 24.36N,073 48 07.27W,POLE,1,27,88,N,4.0,D,N,2017AEA07359OE A,20,18068
36-139951,U,US,NY,NEW YORK,40.707,-73.811208,40 42 25.20N,073 48 40.35W,UTILITY POLE,1,32,109,N,4.0,D,N,2018AEA04701OE A,20,18254
36-001416,O,US,NY,BROOKLYN,40.707222,-73.998611,40 42 26.00N,073 59 55.00W,BRIDGE,1,273,273,U,3.0,C,U,C,20,14152
36-020749,O,US,NY,NEW YORK,40.707222,-74.015,40 42 26.00N,074 00 54.00W,BLDG,1,790,795,R,4.0,D,N,2013AEA01315OE C,20,17080
36-225646,O,US,NY,NEW YORK,40.7075,-74.007286,40 42 27.00N,074 00 26.23W,BLDG,1,222,232,N,4.0,D,N,2022AEA11016OE A,20,24040
36-029918,O,US,NY,NEW YORK,40.707744,-74.011356,40 42 27.88N,074 00 40.88W,BLDG-TWR,1,334,362,N,1.0,A,N,2016AEA04952OE A,20,16224
36-027485,O,US,NY,NEW YORK,40.707744,-74.005633,40 42 27.88N,074 00 20.28W,BLDG,1,342,351,N,5.0,D,N,2011AEA01750OE A,20,13007
36-120508,O,US,NY,NEW YORK,40.70835,-74.013242,40 42 30.06N,074 00 47.67W,BLDG,1,454,467,N,4.0,D,N,2019AEA10622OE C,20,20069
36-025710,O,US,NY,BROOKLYN,40.708367,-73.942325,40 42 30.12N,073 56 32.37W,BLDG,1,75,110,N,2.0,C,N,2012AEA02853OE A,20,12191
36-001418,O,US,NY,NEW YORK,40.708611,-73.991667,40 42 31.00N,073 59 30.00W,BRIDGE,1,336,336,U,3.0,C,U,C,20,14152
36-025739,O,US,NY,NEW YORK,40.709094,-74.013358,40 42 32.74N,074 00 48.09W,BLDG,1,202,211,N,2.0,C,N,2012AEA02851OE A,20,12233
36-129815,U,US,NY,NEW YORK,40.709333,-73.8101,40 42 33.60N,073 48 36.36W,POLE,1,30,171,N,4.0,D,N,2017AEA07366OE A,20,18057
36-221708,O,US,NY,NEW YORK,40.709658,-74.011844,40 42 34.77N,074 00 42.64W,BLDG,1,79,102,N,1.0,A,N,2022AEA03255OE A,20,24222
36-150895,O,US,NY,BROOKLYN,40.709678,-73.957494,40 42 34.84N,073 57 26.98W,BLDG,1,263,299,N,4.0,D,N,2019AEA04676OE A,20,19168
36-001524,O,US,NY,NEW YORK,40.709722,-74.009722,40 42 35.00N,074 00 35.00W,TOWER,1,220,249,N,5.0,D,N,1990AEA01043OE C,20,14152
36-030248,O,US,NY,NEW YORK,40.709806,-74.007169,40 42 35.30N,074 00 25.81W,BLDG,1,746,780,N,4.0,D,N,2016AEA10705OE C,20,17276
36-025837,O,US,NY,NEW YORK,40.710292,-74.012019,40 42 37.05N,074 00 43.27W,BLDG,1,981,996,R,1.0,A,N,2011AEA00352OE C,20,14113
36-173489,O,US,NY,NEW YORK,40.710342,-74.010114,40 42 37.23N,074 00 36.41W,BLDG,1,413,447,N,1.0,A,N,2019AEA07961OE A,20,21118
36-146576,O,US,NY,NEW YORK,40.710733,-73.991581,40 42 38.64N,073 59 29.69W,BLDG,1,821,824,R,4.0,D,N,2015AEA01745OE A,20,18288
36-123809,U,US,NY,NEW YORK,40.710967,-73.909919,40 42 39.48N,073 54 35.71W,ANTENNA,1,26,132,N,4.0,D,N,2017AEA07155OE A,20,18023
36-025480,O,US,NY,BROOKLYN,40.712733,-73.969467,40 42 45.84N,073 58 10.08W,BRIDGE,1,355,355,R,5.0,D,N,2008AEA02586OE A,20,11258
36-029988,O,US,NY,NEW YORK,40.712922,-74.009097,40 42 46.52N,074 00 32.75W,BLDG,1,955,983,R,5.0,D,N,2015AEA07051OE A,20,16302
36-020633,O,US,NY,NEW YORK,40.712986,-74.013131,40 42 46.75N,074 00 47.27W,BLDG,1,1792,1806,H,1.0,A,N,2015AEA06599OE C,20,16145
36-226230,O,US,NY,NEW YORK,40.713267,-73.967536,40 42 47.76N,073 58 03.13W,BLDG,1,560,579,R,2.0,C,N,2021AEA16735OE A,20,24044
36-025318,O,US,NY,BROOKLYN,40.714153,-73.947056,40 42 50.95N,073 56 49.40W,BLDG,1,74,110,N,1.0,A,N,2022AEA03221OE C,20,24218
36-145318,O,US,NY,NEW YORK,40.714333,-74.004056,40 42 51.60N,074 00 14.60W,BLDG,1,249,280,N,2.0,C,N,2018AEA08682OE A,20,18267
36-001419,O,US,NY,NEW YORK,40.714444,-73.995833,40 42 52.00N,073 59 45.00W,BLDG,1,435,475,U,3.0,C,U,C,20,14152
36-197585,O,US,NY,BROOKLYN,40.714608,-73.967583,40 42 52.59N,073 58 03.30W,BLDG,1,257,274,R,4.0,D,N,2020AEA04398OE C,20,23103
36-025315,O,US,NY,BROOKLYN,40.71515,-73.962531,40 42 54.54N,073 57 45.11W,BLDG,1,65,113,N,1.0,A,N,2011AEA00503OE A,20,11210
36-030247,O,US,NY,NEW YORK,40.715372,-74.012961,40 42 55.34N,074 00 46.66W,BLDG,1,813,820,N,4.0,D,N,2016AEA08138OE C,20,19028
36-025314,O,US,NY,NEW YORK,40.715731,-74.005356,40 42 56.63N,074 00 19.28W,BLDG,1,91,123,N,1.0,A,N,2011AEA00502OE A,20,11210
36-001420,O,US,NY,NEW YORK,40.715833,-73.985278,40 42 57.00N,073 59 07.00W,BLDG,4,273,303,U,3.0,C,U,C,20,14152
36-137689,O,US,NY,BROOKLYN,40.715867,-73.966506,40 42 57.12N,073 57 59.42W,BLDG,1,472,491,R,4.0,D,N,2018AEA00600OE C,20,20241
36-025320,O,US,NY,NEW YORK,40.716506,-74.005492,40 42 59.42N,074 00 19.77W,BLDG,1,571,598,R,1.0,A,N,2014AEA06003OE C,20,15026
36-119820,U,US,NY,NEW YORK,40.716986,-74.004094,40 43 01.15N,074 00 14.74W,ANTENNA,1,157,192,N,1.0,A,N,2012AEA03060OE A,20,18023
36-197574,O,US,NY,NEW YORK,40.717083,-73.987328,40 43 01.50N,073 59 14.38W,BLDG,1,340,373,R,4.0,D,N,2020AEA05203OE A,20,22271
36-030044,O,US,NY,NEW YORK,40.717639,-74.006039,40 43 03.50N,074 00 21.74W,BLDG,1,814,831,R,4.0,D,N,2012AEA05438OE A,20,16358
36-020560,O,US,NY,NEW YORK,40.719167,-73.963733,40 43 09.00N,073 57 49.44W,BLDG,1,426,438,R,5.0,D,N,2012AEA04821OE C,20,14121
36-000297,O,US,NY,NEW YORK,40.719444,-74.004722,40 43 10.00N,074 00 17.00W,BLDG,1,510,524,U,3.0,C,N,C,20,14152
36-025516,O,US,NY,NEW YORK,40.719814,-73.984403,40 43 11.33N,073 59 03.85W,BLDG,1,71,96,N,2.0,C,N,2009AEA04113OE A,20,11307
36-002229,U,US,NY,NEW YORK,40.72,-74.004722,40 43 12.00N,074 00 17.00W,BLDG-TWR,1,572,587,D,4.0,D,N,2000AEA00987OE C,20,14124
36-025455,O,US,NY,NEW YORK,40.720122,-74.006208,40 43 12.44N,074 00 22.35W,BLDG,1,143,161,N,1.0,A,N,2012AEA01786OE C,20,12129
36-025621,O,US,NY,BROOKLYN,40.720833,-73.937764,40 43 15.00N,073 56 15.95W,BLDG,1,99,141,N,2.0,C,N,2012AEA00166OE A,20,12065
36-150834,O,US,NY,NEW YORK,40.724008,-74.005686,40 43 26.43N,074 00 20.47W,BLDG,1,326,339,R,4.0,D,N,2017AEA10766OE A,20,19143
36-150829,O,US,NY,NEW YORK,40.724186,-74.005656,40 43 27.07N,074 00 20.36W,BLDG,1,326,339,R,4.0,D,N,2017AEA10761OE A,20,19143
36-169564,O,US,NY,NEW YORK,40.724444,-74.006111,40 43 28.00N,074 00 22.00W,BLDG,1,350,363,D,4.0,D,N,2019AEA01844OE A,20,20175
36-025305,O,US,NY,NEW YORK,40.724836,-73.975831,40 43 29.41N,073 58 32.99W,BLDG,1,129,137,N,1.0,A,N,2011AEA00466OE A,20,11209
36-220072,O,US,NY,NEW YORK,40.726367,-74.005861,40 43 34.92N,074 00 21.10W,BLDG,1,326,345,R,4.0,D,N,2021AEA10535OE A,20,23151
36-000968,O,US,NY,NEW YORK,40.726667,-73.998889,40 43 36.00N,073 59 56.00W,BLDG,1,300,330,U,3.0,C,U,C,20,14152
36-025306,O,US,NY,NEW YORK,40.726867,-73.983161,40 43 36.72N,073 58 59.38W,BLDG,1,83,102,N,1.0,A,N,2011AEA00471OE A,20,11209
36-000969,O,US,NY,NEW YORK,40.726944,-73.998333,40 43 37.00N,073 59 54.00W,BLDG,1,303,332,U,3.0,C,U,C,20,14152
36-000967,O,US,NY,NEW YORK,40.726944,-73.999444,40 43 37.00N,073 59 58.00W,BLDG,1,308,337,U,3.0,C,U,C,20,14152
36-197671,O,US,NY,BROOKLYN,40.727106,-73.960103,40 43 37.58N,073 57 36.37W,BLDG,1,464,477,N,4.0,D,N,2018AEA13730OE A,20,22266
36-001873,O,US,NY,NEW YORK,40.7275,-74.005278,40 43 39.00N,074 00 19.00W,BLDG,1,249,268,N,5.0,D,N,1994AEA00150OE C,20,14152
36-197678,O,US,NY,NEW YORK,40.727856,-74.009883,40 43 40.28N,074 00 35.58W,BLDG,1,245,252,R,4.0,D,N,2020AEA05751OE A,20,22144
36-002353,O,US,NY,NEW YORK,40.728611,-74.008056,40 43 43.00N,074 00 29.00W,TOWER,1,298,310,R,1.0,A,N,2002AEA02235OE C,20,3152
36-025310,O,US,NY,NEW YORK,40.729439,-73.998469,40 43 45.98N,073 59 54.49W,BLDG,1,85,113,N,1.0,A,N,2011AEA00481OE A,20,11209
36-000965,O,US,NY,NEW YORK,40.73,-73.993333,40 43 48.00N,073 59 36.00W,BLDG,1,375,407,U,3.0,C,U,C,20,14152
36-000966,O,US,NY,NEW YORK,40.73,-73.993889,40 43 48.00N,073 59 38.00W,BLDG,1,354,386,U,3.0,C,U,C,20,14152
36-230214,U,US,NY,NEW YORK,40.730247,-73.424169,40 43 48.89N,073 25 27.01W,BLDG,1,56,128,N,4.0,D,N,2023AEA02036OE A,20,24348
36-000970,O,US,NY,NEW YORK,40.730556,-73.991944,40 43 50.00N,073 59 31.00W,BLDG,1,281,320,U,3.0,C,U,C,20,14152
36-000964,O,US,NY,NEW YORK,40.731111,-73.991389,40 43 52.00N,073 59 29.00W,BLDG,1,228,272,U,3.0,C,U,C,20,14152
36-000959,O,US,NY,NEW YORK,40.733889,-73.988611,40 44 02.00N,073 59 19.00W,BLDG,1,477,515,U,3.0,C,U,C,20,14152
36-000960,O,US,NY,NEW YORK,40.734444,-73.991389,40 44 04.00N,073 59 29.00W,BLDG,1,278,320,U,3.0,C,U,C,20,14152
36-000963,O,US,NY,NEW YORK,40.734444,-73.994167,40 44 04.00N,073 59 39.00W,BLDG,1,304,338,U,3.0,C,U,C,20,14152
36-197597,U,US,NY,NEW YORK,40.734444,-73.861111,40 44 04.00N,073 51 40.00W,BLDG,1,70,87,N,4.0,D,N,2019AEA04822OE A,20,22117
36-178927,O,US,NY,NEW YORK,40.734906,-73.960944,40 44 05.66N,073 57 39.40W,BLDG,1,439,455,R,4.0,D,N,2019AEA12555OE A,20,21239
36-178758,O,US,NY,NEW YORK,40.735225,-73.960361,40 44 06.81N,073 57 37.30W,BLDG,1,343,355,R,4.0,D,N,2019AEA12551OE A,20,21188
36-226565,O,US,NY,NEW YORK,40.735319,-73.959442,40 44 07.15N,073 57 33.99W,BLDG,1,436,447,R,1.0,A,N,2022AEA15286OE A,20,24110
36-000957,O,US,NY,NEW YORK,40.735833,-73.985278,40 44 09.00N,073 59 07.00W,BLDG,1,221,250,U,3.0,C,U,C,20,14152
36-000961,O,US,NY,NEW YORK,40.735833,-73.993056,40 44 09.00N,073 59 35.00W,BLDG,1,230,267,U,3.0,C,U,C,20,14152
36-000958,O,US,NY,NEW YORK,40.736389,-73.988889,40 44 11.00N,073 59 20.00W,BLDG,1,310,349,U,3.0,C,U,C,20,14152
36-150627,O,US,NY,NEW YORK,40.736394,-73.959603,40 44 11.02N,073 57 34.57W,BLDG,1,426,445,R,4.0,D,N,2017AEA10027OE A,20,19084
36-178626,O,US,NY,NEW YORK,40.736628,-73.849069,40 44 11.86N,073 50 56.65W,BLDG,1,144,159,N,1.0,A,N,2019AEA09636OE A,20,21165
36-124354,O,US,NY,BROOKLYN,40.736828,-73.959031,40 44 12.58N,073 57 32.51W,BLDG,1,333,352,N,4.0,D,N,2017AEA11031OE C,20,19023
36-189174,U,US,NY,NEW YORK,40.73685,-73.850928,40 44 12.66N,073 51 03.34W,BLDG,1,182,206,N,4.0,D,N,2021AEA05371OE A,20,21237
36-000962,O,US,NY,NEW YORK,40.736944,-73.993611,40 44 13.00N,073 59 37.00W,BLDG,1,283,320,U,3.0,C,U,C,20,14152
36-020815,O,US,NY,NEW YORK,40.736944,-73.984167,40 44 13.00N,073 59 03.00W,BLDG,1,89,112,N,4.0,D,N,2021AEA14915OE C,20,24051
36-198145,O,US,NY,NEW YORK,40.737031,-73.957967,40 44 13.31N,073 57 28.68W,BLDG,1,246,258,R,4.0,D,N,2021AEA14193OE A,20,23018
36-025437,O,US,NY,NEW YORK,40.737108,-74.00845,40 44 13.59N,074 00 30.42W,BLDG,1,130,142,N,2.0,C,N,2011AEA01547OE A,20,11223
36-197539,O,US,NY,NEW YORK,40.737247,-73.849989,40 44 14.09N,073 50 59.96W,BLDG,1,133,153,N,1.0,A,N,2019AEA09628OE A,20,22048
36-178627,O,US,NY,NEW YORK,40.737356,-73.850272,40 44 14.48N,073 51 00.98W,BLDG,1,53,72,N,1.0,A,N,2019AEA09648OE A,20,21165
36-029651,O,US,NY,NEW YORK,40.7375,-73.994444,40 44 15.00N,073 59 40.00W,BLDG,1,354,387,R,5.0,D,N,2012AEA02368OE A,20,14087
36-173316,O,US,NY,NEW YORK,40.7376,-73.958497,40 44 15.36N,073 57 30.59W,BLDG,1,333,350,R,4.0,D,N,2019AEA11527OE A,20,21060
36-197919,O,US,NY,BROOKLYN,40.737739,-73.956933,40 44 15.86N,073 57 24.96W,BLDG,1,343,355,R,1.0,A,N,2020AEA06069OE A,20,23025
36-020764,O,US,NY,NEW YORK,40.73785,-73.984228,40 44 16.26N,073 59 03.22W,BLDG,1,217,245,N,2.0,C,N,2010AEA01718OE A,20,10189
36-020750,O,US,NY,NEW YORK,40.737919,-73.99175,40 44 16.51N,073 59 30.30W,BLDG,1,160,199,N,2.0,C,N,2010AEA01709OE A,20,10132
36-197915,U,US,NY,BROOKLYN,40.738344,-73.957172,40 44 18.04N,073 57 25.82W,BLDG,1,448,460,R,1.0,A,N,2020AEA06065OE A,20,23025
36-000237,O,US,NY,BROOKLYN,40.738381,-73.93125,40 44 18.17N,073 55 52.50W,BLDG-TWR,1,335,385,N,5.0,D,N,2004AEA00222OE C,20,12201
36-129793,U,US,NY,NEW YORK,40.738742,-73.740833,40 44 19.47N,073 44 27.00W,POLE,1,30,213,N,4.0,D,N,2017AEA07388OE A,20,18037
36-160085,O,US,NY,LONG ISLAND CITY,40.738761,-73.960358,40 44 19.54N,073 57 37.29W,BLDG,1,324,337,R,4.0,D,N,2018AEA15478OE C,20,22067
36-001874,O,US,NY,NEW YORK,40.738889,-73.986944,40 44 20.00N,073 59 13.00W,BLDG,1,293,327,N,4.0,D,N,1994AEA00381OE C,20,14152
36-225724,U,US,NY,NEW YORK,40.739058,-73.959222,40 44 20.61N,073 57 33.20W,BLDG,1,65,80,N,4.0,D,N,2021AEA06175OE A,20,23289
36-225725,U,US,NY,NEW YORK,40.739161,-73.959756,40 44 20.98N,073 57 35.12W,BLDG,1,65,80,N,4.0,D,N,2021AEA06176OE A,20,23289
36-225723,U,US,NY,NEW YORK,40.739428,-73.958422,40 44 21.94N,073 57 30.32W,BLDG,1,34,49,N,4.0,D,N,2021AEA06174OE A,20,23289
36-160062,O,US,NY,LONG ISLAND CITY,40.739519,-73.961358,40 44 22.27N,073 57 40.89W,BLDG,1,605,628,R,4.0,D,N,2018AEA15462OE C,20,23130
36-020636,U,US,NY,NEW YORK,40.739558,-73.973611,40 44 22.41N,073 58 25.00W,BLDG,1,289,292,N,,,N,2006AEA04389OE C,20,15009
36-225722,O,US,NY,NEW YORK,40.739639,-73.958353,40 44 22.70N,073 57 30.07W,BLDG,1,387,402,N,4.0,D,N,2021AEA06173OE A,20,24075
36-029652,O,US,NY,NEW YORK,40.739775,-73.974117,40 44 23.19N,073 58 26.82W,BLDG,1,288,291,R,5.0,D,N,2012AEA06004OE A,20,14087
36-225718,U,US,NY,NEW YORK,40.739864,-73.959519,40 44 23.51N,073 57 34.27W,BLDG,1,65,80,N,4.0,D,N,2021AEA06172OE A,20,23289
36-029755,O,US,NY,NEW YORK,40.739944,-73.987389,40 44 23.80N,073 59 14.60W,BLDG,1,786,817,R,5.0,D,N,2015AEA01366OE C,20,16176
36-025438,O,US,NY,NEW YORK,40.740631,-73.982947,40 44 26.27N,073 58 58.61W,BLDG,1,177,213,N,2.0,C,N,2011AEA01581OE A,20,11224
36-022804,O,US,NY,NEW YORK,40.740914,-73.874344,40 44 27.29N,073 52 27.64W,BLDG,1,155,211,U,1.0,A,U,A,20,11035
36-002369,U,US,NY,NEW YORK,40.741111,-73.973889,40 44 28.00N,073 58 26.00W,BLDG,1,268,282,U,4.0,D,U,2003AEA00581OE C,20,14124
36-169577,O,US,NY,NEW YORK,40.741283,-73.960106,40 44 28.62N,073 57 36.38W,BLDG,1,512,524,R,4.0,D,N,2018AEA13796OE A,20,20178
36-025687,O,US,NY,NEW YORK,40.741344,-73.973011,40 44 28.84N,073 58 22.84W,BLDG,1,282,286,R,2.0,C,N,2023AEA05227OE C,20,24066
36-129824,U,US,NY,NEW YORK,40.741631,-73.923664,40 44 29.87N,073 55 25.19W,POLE,1,30,122,N,4.0,D,N,2017AEA07553OE A,20,18060
36-173152,O,US,NY,NEW YORK,40.742083,-73.959058,40 44 31.50N,073 57 32.61W,BLDG,1,608,620,R,4.0,D,N,2018AEA13776OE C,20,21063
36-169552,O,US,NY,NEW YORK,40.742647,-73.990919,40 44 33.53N,073 59 27.31W,BLDG,1,322,360,N,4.0,D,N,2018AEA10939OE A,20,20160
36-119890,U,US,NY,LONG ISLAND CITY,40.742667,-73.937283,40 44 33.60N,073 56 14.22W,POLE,1,120,133,N,4.0,D,N,2013AEA05050OE A,20,18026
36-027688,O,US,NY,NEW YORK,40.742769,-73.973036,40 44 33.97N,073 58 22.93W,BLDG,1,430,440,R,5.0,D,N,2013AEA02881OE C,20,16209
36-024705,O,US,NY,NEW YORK,40.743819,-73.973383,40 44 37.75N,073 58 24.18W,BLDG,1,53,66,N,5.0,D,N,2010AEA05112OE A,20,11193
36-150520,O,US,NY,NEW YORK,40.744164,-73.984556,40 44 38.99N,073 59 04.40W,BLDG,1,605,645,R,4.0,D,N,2018AEA07308OE C,20,20043
36-029726,O,US,NY,NEW YORK,40.744653,-73.972275,40 44 40.75N,073 58 20.19W,BLDG,1,560,563,R,5.0,D,N,2013AEA06781OE C,20,16120
36-001860,U,US,NY,NEW YORK,40.745,-73.980833,40 44 42.00N,073 58 51.00W,BLDG,1,222,252,N,4.0,D,N,1994AEA01802OE C,20,14124
36-189270,O,US,NY,NEW YORK,40.745158,-73.987606,40 44 42.57N,073 59 15.38W,BLDG,1,263,305,N,4.0,D,N,2021AEA05656OE A,20,21291
36-226593,O,US,NY,NEW YORK,40.745206,-74.007064,40 44 42.74N,074 00 25.43W,BLDG,1,297,305,R,4.0,D,N,2024AEA00713OE A,20,24120
36-030261,O,US,NY,LONG ISLAND CITY,40.745278,-73.946111,40 44 43.00N,073 56 46.00W,BLDG,1,499,508,R,4.0,D,N,2014AEA03593OE C,20,18057
36-022799,O,US,NY,NEW YORK,40.745389,-73.895897,40 44 43.40N,073 53 45.23W,BLDG,1,128,186,U,1.0,A,U,A,20,11035
36-225707,O,US,NY,NEW YORK,40.745406,-73.977825,40 44 43.46N,073 58 40.17W,BLDG,1,391,418,R,1.0,A,N,2023AEA08449OE A,20,24073
36-178931,U,US,NY,NEW YORK,40.745803,-73.758358,40 44 44.89N,073 45 30.09W,BLDG,1,159,256,N,4.0,D,N,2021AEA05925OE A,20,21274
36-160042,O,US,NY,NEW YORK,40.745833,-73.985,40 44 45.00N,073 59 06.00W,BLDG,1,799,839,R,4.0,D,N,2018AEA11545OE A,20,20104
36-020165,U,US,NY,LONG ISLAND CITY,40.74605,-73.957817,40 44 45.78N,073 57 28.14W,BLDG,1,309,321,R,4.0,D,N,2006AEA02990OE C,20,14124
36-029708,O,US,NY,NEW YORK,40.746708,-73.9418,40 44 48.15N,073 56 30.48W,BLDG,1,320,332,R,4.0,D,N,2015AEA02148OE C,20,16350
36-137651,O,US,NY,LONG ISLAND CITY,40.746756,-73.940875,40 44 48.32N,073 56 27.15W,BLDG-TWR,1,405,416,W,4.0,D,W,2016AEA03712OE A,20,18158
36-022800,O,US,NY,NEW YORK,40.746783,-73.911258,40 44 48.42N,073 54 40.53W,BLDG,1,170,271,U,1.0,A,U,A,20,11035
36-020565,O,US,NY,NEW YORK,40.746858,-73.990094,40 44 48.69N,073 59 24.34W,BLDG,1,668,709,R,5.0,D,N,2008AEA05081OE C,20,14304
36-206526,U,US,NY,NEW YORK,40.747081,-74.006897,40 44 49.49N,074 00 24.83W,BLDG,1,295,302,R,1.0,A,N,2019AEA01109OE A,20,23027
36-027603,O,US,NY,LONG ISLAND CITY,40.747222,-73.956944,40 44 50.00N,073 57 25.00W,BLDG,1,284,295,R,5.0,D,N,2011AEA04198OE C,20,14080
36-025535,O,US,NY,LONG ISLAND CITY,40.747231,-73.956028,40 44 50.03N,073 57 21.70W,BLDG,1,447,461,R,5.0,D,N,2011AEA01072OE A,20,11314
36-173301,O,US,NY,NEW YORK,40.747514,-73.988467,40 44 51.05N,073 59 18.48W,BLDG,1,368,408,N,4.0,D,N,2019AEA06210OE C,20,22168
36-120562,U,US,NY,NEW YORK,40.747525,-73.971075,40 44 51.09N,073 58 15.87W,BLDG,1,459,489,R,,,N,2017AEA04923OE A,20,17180
36-029711,O,US,NY,LONG ISLAND CITY,40.747653,-73.942331,40 44 51.55N,073 56 32.39W,BLDG,1,534,547,R,5.0,D,N,2014AEA07766OE C,20,16235
36-025834,O,US,NY,LONG ISLAND CITY,40.748064,-73.955506,40 44 53.03N,073 57 19.82W,BLDG,1,445,453,R,1.0,C,N,2011AEA02276OE A,20,12320
36-150439,O,US,NY,NEW YORK,40.74815,-73.944403,40 44 53.34N,073 56 39.85W,BLDG,1,766,782,R,1.0,A,N,2018AEA12371OE C,20,20154
36-129744,O,US,NY,LONG ISLAND CITY,40.748183,-73.936997,40 44 53.46N,073 56 13.19W,BLDG,1,496,519,R,2.0,C,N,2016AEA02535OE A,20,18030
36-025590,O,US,NY,LONG ISLAND CITY,40.748183,-73.956833,40 44 53.46N,073 57 24.60W,BLDG,1,365,376,R,5.0,D,N,2010AEA02897OE A,20,11362
36-124251,O,US,NY,LONG ISLAND CITY,40.748369,-73.938517,40 44 54.13N,073 56 18.66W,BLDG,1,513,532,N,2.0,C,N,2016AEA00029OE A,20,18162
36-197328,O,US,NY,NEW YORK,40.7484,-74.006239,40 44 54.24N,074 00 22.46W,BLDG,1,302,310,N,1.0,A,N,2019AEA03106OE A,20,21323
36-124252,O,US,NY,LONG ISLAND CITY,40.7486,-73.937522,40 44 54.96N,073 56 15.08W,BLDG,1,607,627,N,2.0,C,N,2016AEA00030OE A,20,17320
36-129851,U,US,NY,LONG ISLAND CITY,40.748747,-73.938892,40 44 55.49N,073 56 20.01W,BLDG,1,452,469,R,1.0,A,N,2017AEA08988OE A,20,18151
36-129768,O,US,NY,NEW YORK,40.748828,-73.974339,40 44 55.78N,073 58 27.62W,BLDG,1,441,476,N,4.0,D,N,2016AEA11128OE C,20,19066
36-020568,U,US,NY,LONG ISLAND CITY,40.748889,-73.938611,40 44 56.00N,073 56 19.00W,BLDG,1,339,360,R,4.0,D,N,2008AEA00860OE C,20,14124
36-029650,O,US,NY,LONG ISLAND CITY,40.748889,-73.942222,40 44 56.00N,073 56 32.00W,BLDG,1,455,468,R,5.0,D,N,2010AEA02139OE A,20,14086
36-226677,O,US,NY,NEW YORK,40.748992,-73.943661,40 44 56.37N,073 56 37.18W,BLDG,1,779,794,R,1.0,A,N,2023AEA01285OE A,20,24095
36-129854,U,US,NY,LONG ISLAND CITY,40.749236,-73.938008,40 44 57.25N,073 56 16.83W,BLDG,1,452,469,R,1.0,A,N,2017AEA08985OE A,20,18151
36-119809,O,US,NY,LONG ISLAND CITY,40.749369,-73.940414,40 44 57.73N,073 56 25.49W,BLDG,1,309,328,U,4.0,D,N,2012AEA00012OE A,20,19014
36-025690,O,US,NY,LONG ISLAND CITY,40.749636,-73.949733,40 44 58.69N,073 56 59.04W,BLDG,1,125,139,N,2.0,C,N,2012AEA02423OE A,20,12167
36-222038,O,US,NY,NEW YORK,40.75,-73.969167,40 45 00.00N,073 58 09.00W,BLDG,1,208,251,D,4.0,D,N,2022AEA15673OE A,20,24072
36-165494,O,US,NY,LONG ISLAND CITY,40.750278,-73.935847,40 45 01.00N,073 56 09.05W,BLDG,1,750,778,R,1.0,A,N,2015AEA04715OE C,20,20279
36-173482,O,US,NY,NEW YORK,40.750306,-73.999706,40 45 01.10N,073 59 58.94W,BLDG,1,99,127,N,1.0,A,N,2020AEA13191OE A,20,21119
36-226734,O,US,NY,NEW YORK,40.750336,-73.942506,40 45 01.21N,073 56 33.02W,BLDG,1,422,437,N,2.0,D,N,2022AEA05793OE A,20,24128
36-129820,U,US,NY,NEW YORK,40.750558,-73.876047,40 45 02.01N,073 52 33.77W,POLE,1,30,98,N,4.0,D,N,2017AEA07151OE A,20,18058
36-024708,O,US,NY,NEW YORK,40.750656,-73.993194,40 45 02.36N,073 59 35.50W,BLDG,1,151,184,N,5.0,D,N,2010AEA05055OE A,20,11193
36-213455,O,US,NY,LONG ISLAND CITY,40.750778,-73.936722,40 45 02.80N,073 56 12.20W,BLDG,1,283,317,N,4.0,D,N,2020AEA01915OE A,20,23081
36-001007,O,US,NY,NEW YORK,40.750833,-73.977778,40 45 03.00N,073 58 40.00W,BLDG,1,640,701,L,5.0,D,U,1980AEA01125OE C,20,14152
36-213382,U,US,NY,NEW YORK,40.750886,-73.939411,40 45 03.19N,073 56 21.88W,BLDG,1,334,358,R,4.0,D,N,2022AEA12128OE A,20,23068
36-129843,U,US,NY,NEW YORK,40.751144,-73.8462,40 45 04.12N,073 50 46.32W,STADIUM,1,136,148,N,4.0,D,N,2017AEA00212OE A,20,18121
36-001643,O,US,NY,NEW YORK,40.751389,-73.970278,40 45 05.00N,073 58 13.00W,BLDG,1,326,387,N,5.0,D,N,1991AEA00310OE C,20,14152
36-026848,O,US,NY,NEW YORK,40.7517,-73.968181,40 45 06.12N,073 58 05.45W,BLDG,1,565,599,R,1.0,A,N,2012AEA03466OE C,20,15028
36-169606,O,US,NY,NEW YORK,40.751886,-73.983958,40 45 06.79N,073 59 02.25W,BLDG,1,327,397,N,4.0,D,N,2018AEA04572OE A,20,20202
36-120236,U,US,NY,NEW YORK,40.752,-73.979694,40 45 07.20N,073 58 46.90W,ANTENNA,1,158,228,N,2.0,C,N,2015AEA00455OE A,20,18023
36-197989,O,US,NY,NEW YORK,40.752025,-74.004931,40 45 07.29N,074 00 17.75W,BLDG,1,157,167,N,1.0,D,N,2020AEA01175OE A,20,22307
36-219571,O,US,NY,NEW YORK,40.752033,-73.997692,40 45 07.32N,073 59 51.69W,BLDG,1,950,996,R,4.0,D,N,2021AEA01945OE A,20,23110
36-213472,U,US,NY,LONG ISLAND CITY,40.752278,-73.930778,40 45 08.20N,073 55 50.80W,TOWER,1,135,161,N,4.0,D,N,2021AEA15207OE A,20,22318
36-001065,O,US,NY,NEW YORK,40.752778,-73.97,40 45 10.00N,073 58 12.00W,BLDG,1,445,486,N,3.0,C,N,1982AEA01123OE C,20,14152
36-029752,O,US,NY,NEW YORK,40.752806,-74.001467,40 45 10.10N,074 00 05.28W,BLDG,1,904,921,H,4.0,D,N,2016AEA07534OE C,20,17093
36-029659,O,US,NY,LONG ISLAND CITY,40.752875,-73.940353,40 45 10.35N,073 56 25.27W,BLDG,1,227,243,R,5.0,D,N,2012AEA00019OE A,20,14108
36-152040,U,US,NY,NEW YORK,40.752922,-73.896364,40 45 10.52N,073 53 46.91W,BLDG,1,87,117,N,4.0,D,N,2017AEA12143OE A,20,19217
36-001287,O,US,NY,NEW YORK,40.753056,-73.967222,40 45 11.00N,073 58 02.00W,BLDG,1,556,577,R,3.0,C,N,1985AEA01407OE C,20,14152
36-206786,O,US,NY,NEW YORK,40.753219,-74.004119,40 45 11.59N,074 00 14.83W,BLDG,1,636,649,R,4.0,D,N,2022AEA09861OE A,20,23039
36-022798,O,US,NY,NEW YORK,40.753219,-73.900344,40 45 11.59N,073 54 01.24W,BLDG,1,132,165,U,1.0,A,U,A,20,11035
36-001464,O,US,NY,NEW YORK,40.753333,-73.97,40 45 12.00N,073 58 12.00W,BLDG,1,645,674,U,3.0,C,N,C,20,14152
36-029658,O,US,NY,NEW YORK,40.753333,-73.985556,40 45 12.00N,073 59 08.00W,BLDG,1,464,527,N,5.0,D,N,2012AEA04560OE C,20,15043
36-025379,O,US,NY,LONG ISLAND CITY,40.753347,-73.910211,40 45 12.05N,073 54 36.76W,BLDG,1,75,119,N,2.0,C,N,2011AEA00640OE A,20,11212
36-226584,O,US,NY,NEW YORK,40.753406,-74.004494,40 45 12.26N,074 00 16.18W,BLDG,1,558,570,R,4.0,D,N,2022AEA15015OE A,20,24100
36-226583,O,US,NY,NEW YORK,40.753564,-74.004878,40 45 12.83N,074 00 17.56W,BLDG,1,519,531,N,4.0,D,N,2022AEA15014OE A,20,24071
36-139955,O,US,NY,NEW YORK,40.753647,-73.870586,40 45 13.13N,073 52 14.11W,POLE,1,27,95,N,4.0,D,N,2018AEA04873OE A,20,18249
36-029894,O,US,NY,NEW YORK,40.753767,-74.003228,40 45 13.56N,074 00 11.62W,BLDG,1,917,933,R,4.0,D,N,2015AEA02031OE C,20,18283
36-139939,O,US,NY,NEW YORK,40.754061,-73.996231,40 45 14.62N,073 59 46.43W,BLDG,1,420,467,R,4.0,D,N,2018AEA02910OE C,20,19316
36-030168,O,US,NY,NEW YORK,40.754069,-73.986617,40 45 14.65N,073 59 11.82W,BLDG,1,340,399,N,4.0,D,N,2016AEA05070OE A,20,17047
36-022803,O,US,NY,NEW YORK,40.754233,-73.890506,40 45 15.24N,073 53 25.82W,BLDG,1,84,126,U,1.0,A,U,A,20,11035
36-030184,O,US,NY,NEW YORK,40.754383,-74.000994,40 45 15.78N,074 00 03.58W,BLDG,1,1276,1305,H,4.0,D,N,2014AEA05293OE C,20,20076
36-227277,U,US,NY,NEW YORK,40.754444,-73.975833,40 45 16.00N,073 58 33.00W,BLDG,1,144,208,N,4.0,D,N,2024AEA07989OE A,20,24241
36-024711,O,US,NY,NEW YORK,40.754453,-73.994439,40 45 16.03N,073 59 39.98W,BLDG,1,211,251,N,2.0,C,N,2011AEA00001OE A,20,11193
36-197889,O,US,NY,NEW YORK,40.754528,-73.999394,40 45 16.30N,073 59 57.82W,BLDG,1,1011,1043,D,1.0,A,N,2021AEA10868OE A,20,22318
36-120272,U,US,NY,NEW YORK,40.754972,-74.00235,40 45 17.90N,074 00 08.46W,BLDG,1,1008,1041,R,4.0,D,N,2015AEA02032OE C,20,18197
36-129845,U,US,NY,NEW YORK,40.755117,-73.888581,40 45 18.42N,073 53 18.89W,POLE,1,31,82,N,4.0,D,N,2017AEA08850OE A,20,18073
36-025439,O,US,NY,NEW YORK,40.755161,-73.965692,40 45 18.58N,073 57 56.49W,BLDG,1,176,215,N,1.0,A,N,2011AEA01597OE A,20,11224
36-022801,O,US,NY,NEW YORK,40.755225,-73.885003,40 45 18.81N,073 53 06.01W,BLDG,1,94,169,U,1.0,A,U,A,20,11035
36-029875,O,US,NY,NEW YORK,40.755225,-74.001764,40 45 18.81N,074 00 06.35W,BLDG,1,790,823,R,4.0,D,N,2015AEA07023OE C,20,18071
36-150706,O,US,NY,NEW YORK,40.755247,-73.998869,40 45 18.89N,073 59 55.93W,BLDG,1,1032,1064,D,4.0,D,N,2018AEA13738OE C,20,23173
36-020864,O,US,NY,NEW YORK,40.755347,-73.976094,40 45 19.25N,073 58 33.94W,BLDG-TWR,1,272,331,N,2.0,C,N,2010AEA03544OE A,20,11081
36-002752,O,US,NY,NEW YORK,40.755361,-73.984278,40 45 19.30N,073 59 03.40W,BLDG,1,1200,1265,D,5.0,D,N,2004AEA03088OE C,20,11102
36-025700,O,US,NY,NEW YORK,40.755383,-73.990894,40 45 19.38N,073 59 27.22W,BLDG,1,179,218,N,2.0,C,N,2012AEA02441OE A,20,12188
36-029701,O,US,NY,NEW YORK,40.755722,-73.965219,40 45 20.60N,073 57 54.79W,BLDG,1,354,391,R,5.0,D,N,2014AEA04381OE A,20,15131
36-129901,O,US,NY,NEW YORK,40.756014,-73.971672,40 45 21.65N,073 58 18.02W,BLDG,1,806,852,R,4.0,D,N,2017AEA11286OE C,20,18295
36-197986,U,US,NY,NEW YORK,40.756094,-73.975803,40 45 21.94N,073 58 32.89W,BLDG,1,1389,1450,R,4.0,D,N,2021AEA09354OE A,20,22307
36-002389,O,US,NY,NEW YORK,40.756211,-73.98625,40 45 22.36N,073 59 10.50W,BLDG-TWR,1,1162,1212,R,5.0,D,N,2013AEA03207OE C,20,14255
36-002303,O,US,NY,NEW YORK,40.756389,-73.987222,40 45 23.00N,073 59 14.00W,BLDG-TWR,1,659,712,N,5.0,D,N,1999AEA00783OE C,20,3012
36-022802,O,US,NY,NEW YORK,40.756611,-73.856158,40 45 23.80N,073 51 22.17W,BLDG,1,180,208,U,1.0,A,U,A,20,11035
36-002223,U,US,NY,NEW YORK,40.757778,-73.989167,40 45 28.00N,073 59 21.00W,BLDG,1,532,576,R,4.0,D,M,2000AEA02613OE C,20,14124
36-002438,U,US,NY,NEW YORK,40.757831,-73.974861,40 45 28.19N,073 58 29.50W,BLDG,1,561,625,R,4.0,D,N,2005AEA00099OE C,20,14124
36-022786,O,US,NY,NEW YORK,40.758003,-73.833717,40 45 28.81N,073 50 01.38W,BLDG,1,151,181,U,1.0,A,U,A,20,11035
36-001576,O,US,NY,NEW YORK,40.758056,-73.985,40 45 29.00N,073 59 06.00W,BLDG,1,732,780,R,5.0,D,N,1988AEA00557OE C,20,14152
36-030067,O,US,NY,NEW YORK,40.758092,-73.971194,40 45 29.13N,073 58 16.30W,BLDG,1,726,768,R,4.0,D,N,2016AEA02744OE C,20,17362
36-146586,O,US,NY,NEW YORK,40.758272,-73.961092,40 45 29.78N,073 57 39.93W,BLDG,1,852,898,R,1.0,A,N,2017AEA10798OE C,20,21188
36-000803,O,US,NY,NEW YORK,40.758333,-73.970278,40 45 30.00N,073 58 13.00W,BLDG-TWR,1,934,973,R,3.0,C,N,1994AEA00838OE C,20,14152
36-001856,O,US,NY,NEW YORK,40.758611,-73.984444,40 45 31.00N,073 59 04.00W,BLDG-TWR,1,238,287,R,5.0,D,N,1994AEA01044OE C,20,14152
36-124185,U,US,NY,NEW YORK,40.758864,-73.888911,40 45 31.91N,073 53 20.08W,POLE,1,31,55,N,4.0,D,N,2017AEA05692OE C,20,19092
36-001901,O,US,NY,NEW YORK,40.758889,-73.974444,40 45 32.00N,073 58 28.00W,BLDG,1,293,352,N,5.0,D,N,1994AEA00153OE C,20,14152
36-001902,O,US,NY,NEW YORK,40.758889,-73.960833,40 45 32.00N,073 57 39.00W,BLDG,1,519,563,R,2.0,D,N,1996AEA02751OE C,20,14152
36-029674,O,US,NY,NEW YORK,40.759,-73.965997,40 45 32.40N,073 57 57.59W,BLDG,1,717,768,R,2.0,C,N,2014AEA01099OE C,20,17111
36-029856,O,US,NY,NEW YORK,40.759,-73.995953,40 45 32.40N,073 59 45.43W,BLDG,1,618,641,R,5.0,D,N,2014AEA07005OE A,20,16126
36-000226,O,US,NY,NEW YORK,40.759167,-73.979444,40 45 33.00N,073 58 46.00W,BLDG,1,821,877,R,4.0,D,N,2022AEA11187OE C,20,23066
36-001449,O,US,NY,NEW YORK,40.759444,-73.945556,40 45 34.00N,073 56 44.00W,STACK,3,502,514,U,3.0,C,U,C,20,14152
36-001485,O,US,NY,NEW YORK,40.759722,-73.985278,40 45 35.00N,073 59 07.00W,BLDG-TWR,1,736,786,N,5.0,D,N,1994AEA00837OE C,20,14152
36-129792,U,US,NY,NEW YORK,40.759739,-73.864011,40 45 35.06N,073 51 50.44W,POLE,1,34,121,N,4.0,D,N,2017AEA07387OE A,20,18037
36-151513,O,US,NY,NEW YORK,40.75975,-73.982981,40 45 35.10N,073 58 58.73W,BLDG,1,485,538,N,4.0,D,N,2019AEA04939OE C,20,20265
36-027652,O,US,NY,NEW YORK,40.759769,-73.959336,40 45 35.17N,073 57 33.61W,BLDG,1,389,411,R,5.0,D,N,2013AEA02839OE A,20,14099
36-000796,O,US,NY,NEW YORK,40.76,-73.981111,40 45 36.00N,073 58 52.00W,BLDG,1,752,810,U,3.0,C,N,C,20,14152
36-124089,O,US,NY,NEW YORK,40.760092,-73.970964,40 45 36.33N,073 58 15.47W,BLDG,1,845,894,R,4.0,D,N,2016AEA04382OE C,20,19296
36-022787,O,US,NY,NEW YORK,40.760428,-73.830892,40 45 37.54N,073 49 51.21W,SPIRE,1,152,184,U,1.0,A,U,A,20,11035
36-022785,O,US,NY,NEW YORK,40.760719,-73.835708,40 45 38.59N,073 50 08.55W,SPIRE,1,166,185,U,1.0,A,U,A,20,11035
36-030055,O,US,NY,NEW YORK,40.760833,-73.9775,40 45 39.00N,073 58 39.00W,BLDG,1,605,670,R,4.0,D,N,2013AEA01877OE A,20,17037
36-002048,U,US,NY,NEW YORK,40.761111,-73.972778,40 45 40.00N,073 58 22.00W,BLDG,1,810,870,R,4.0,D,U,1999AEA03405OE C,20,14124
36-001527,O,US,NY,NEW YORK,40.761389,-73.956111,40 45 41.00N,073 57 22.00W,STACK,1,304,310,R,5.0,D,N,1989AEA00256OE C,20,14152
36-001211,O,US,NY,NEW YORK,40.761389,-73.9775,40 45 41.00N,073 58 39.00W,BLDG,1,588,654,R,3.0,C,N,1983AEA00525OE C,20,14152
36-027497,O,US,NY,NEW YORK,40.761544,-73.972078,40 45 41.56N,073 58 19.48W,BLDG,1,1420,1465,R,1.0,A,N,2014AEA07358OE C,20,16312
36-029702,O,US,NY,NEW YORK,40.761639,-73.978097,40 45 41.90N,073 58 41.15W,BLDG,1,1050,1116,R,5.0,D,N,2013AEA03679OE A,20,15135
36-001465,O,US,NY,NEW YORK,40.761667,-73.981667,40 45 42.00N,073 58 54.00W,BLDG,1,751,811,U,3.0,C,N,C,20,14152
36-000312,O,US,NY,NEW YORK,40.761667,-73.97,40 45 42.00N,073 58 12.00W,BLDG,2,514,552,L,3.0,C,N,C,20,14152
36-002462,O,US,NY,NEW YORK,40.761778,-73.968417,40 45 42.40N,073 58 06.30W,BLDG-TWR,1,916,960,R,1.0,A,M,2010AEA02357OE C,20,11052
36-025440,O,US,NY,NEW YORK,40.761956,-73.972264,40 45 43.04N,073 58 20.15W,BLDG,1,297,346,N,2.0,C,N,2011AEA01710OE A,20,11224
36-001111,O,US,NY,NEW YORK,40.7625,-73.979167,40 45 45.00N,073 58 45.00W,BLDG,1,487,551,R,3.0,C,N,1983AEA01361OE C,20,14152
36-025697,O,US,NY,NEW YORK,40.762556,-73.989392,40 45 45.20N,073 59 21.81W,BLDG,1,68,120,N,2.0,C,N,2012AEA02426OE C,20,12215
36-001855,O,US,NY,NEW YORK,40.762778,-73.969167,40 45 46.00N,073 58 09.00W,BLDG,1,278,322,N,5.0,D,N,1994AEA01152OE C,20,14152
36-000887,O,US,NY,NEW YORK,40.763044,-73.980672,40 45 46.96N,073 58 50.42W,BLDG,1,660,733,R,2.0,C,N,2004AEA02489OE C,20,4326
36-000793,O,US,NY,NEW YORK,40.763872,-73.972686,40 45 49.94N,073 58 21.67W,BLDG,1,690,740,N,5.0,D,N,2012AEA00913OE C,20,12069
36-030251,O,US,NY,NEW YORK,40.764036,-73.969972,40 45 50.53N,073 58 11.90W,BLDG,1,804,849,R,4.0,D,N,2014AEA03451OE C,20,17303
36-025654,O,US,NY,NEW YORK,40.764125,-73.97595,40 45 50.85N,073 58 33.42W,BLDG,1,162,218,N,2.0,C,N,2012AEA01796OE A,20,12129
36-129795,U,US,NY,NEW YORK,40.76465,-73.870956,40 45 52.74N,073 52 15.44W,POLE,1,27,86,N,4.0,D,N,2017AEA07393OE A,20,18037
36-022797,O,US,NY,NEW YORK,40.764675,-73.892486,40 45 52.83N,073 53 32.95W,BLDG,1,66,102,U,1.0,A,U,A,20,11035
36-001462,O,US,NY,NEW YORK,40.764722,-73.963333,40 45 53.00N,073 57 48.00W,BLDG,1,565,634,U,3.0,C,N,C,20,14152
36-001437,O,US,NY,NEW YORK,40.765,-73.979722,40 45 54.00N,073 58 47.00W,BLDG,1,755,830,R,5.0,D,N,1988AEA01129OE C,20,14152
36-000248,O,US,NY,NEW YORK,40.765,-73.971667,40 45 54.00N,073 58 18.00W,BLDG,1,566,616,R,3.0,C,N,C,20,14152
36-226688,O,US,NY,NEW YORK,40.765056,-73.978056,40 45 54.20N,073 58 41.00W,BLDG,1,455,524,N,4.0,D,N,2022AEA16335OE A,20,24107
36-150554,U,US,NY,NEW YORK,40.765069,-73.9773,40 45 54.25N,073 58 38.28W,BLDG,1,1437,1500,R,1.0,A,N,2018AEA11921OE A,20,19050
36-002388,U,US,NY,NEW YORK,40.765278,-73.9575,40 45 55.00N,073 57 27.00W,BLDG,1,414,459,R,4.0,D,N,2003AEA03016OE C,20,14124
36-020656,O,US,NY,NEW YORK,40.76575,-73.978639,40 45 56.70N,073 58 43.10W,BLDG,1,1050,1124,R,5.0,D,N,2008AEA00100OE C,20,13312
36-001434,O,US,NY,NEW YORK,40.765833,-73.946944,40 45 57.00N,073 56 49.00W,BLDG,5,215,231,D,5.0,D,N,1985AEA00167OE C,20,14152
36-030258,O,US,NY,NEW YORK,40.766347,-73.980917,40 45 58.85N,073 58 51.30W,BLDG,1,1569,1649,R,4.0,D,N,2015AEA04799OE C,20,20241
36-002417,U,US,NY,NEW YORK,40.766489,-73.983472,40 45 59.36N,073 59 00.50W,BLDG,1,636,708,R,4.0,D,N,2003AEA03505OE C,20,14124
36-123643,O,US,NY,NEW YORK,40.766867,-73.991822,40 46 00.72N,073 59 30.56W,BLDG,1,273,305,D,4.0,D,N,2017AEA03059OE A,20,17214
36-120481,O,US,NY,NEW YORK,40.7669,-73.980628,40 46 00.84N,073 58 50.26W,BLDG,1,965,1046,N,4.0,D,N,2016AEA11530OE C,20,19133
36-029756,O,US,NY,NEW YORK,40.767092,-73.9506,40 46 01.53N,073 57 02.16W,BLDG,1,448,455,R,4.0,D,N,2020AEA02281OE C,20,20202
36-020826,O,US,NY,NEW YORK,40.767272,-73.959111,40 46 02.18N,073 57 32.80W,BLDG,1,62,117,N,5.0,D,N,2010AEA02723OE A,20,11052
36-124302,O,US,NY,NEW YORK,40.767325,-73.883342,40 46 02.37N,073 53 00.03W,POLE,1,31,51,N,4.0,D,N,2018AEA03498OE C,20,18150
36-025652,O,US,NY,NEW YORK,40.767422,-73.986353,40 46 02.72N,073 59 10.87W,BLDG,1,174,253,N,5.0,D,N,2012AEA01780OE A,20,12129
36-000355,O,US,NY,NEW YORK,40.767778,-73.950833,40 46 04.00N,073 57 03.00W,STACK,1,506,515,R,3.0,C,M,1965AEA00203OE C,20,14152
36-022772,O,US,NY,NEW YORK,40.768314,-73.884822,40 46 05.93N,073 53 05.36W,NAVAID,1,8,27,U,1.0,A,U,A,20,11035
36-002336,U,US,NY,NEW YORK,40.768333,-73.983611,40 46 06.00N,073 59 01.00W,BLDG,1,750,831,U,4.0,D,U,2002AEA01654OE C,20,14124
36-006172,U,US,NY,NEW YORK,40.768333,-73.992778,40 46 06.00N,073 59 34.00W,TOWER,1,100,130,U,,,U,A,19,76150
36-022773,O,US,NY,NEW YORK,40.768586,-73.885772,40 46 06.91N,073 53 08.78W,NAVAID,1,25,44,R,1.0,A,U,C,20,13247
36-022790,O,US,NY,NEW YORK,40.768606,-73.881592,40 46 06.98N,073 52 53.73W,POLE,1,33,53,U,1.0,A,U,A,20,11035
36-151531,U,US,NY,NEW YORK,40.7691,-73.8703,40 46 08.76N,073 52 13.08W,BLDG,1,82,140,N,4.0,D,N,2019AEA05212OE C,20,24143
36-206565,O,US,NY,NEW YORK,40.769167,-73.9825,40 46 09.00N,073 58 57.00W,BLDG,1,340,420,R,4.0,D,N,2020AEA11795OE A,20,23032
36-022789,O,US,NY,NEW YORK,40.769169,-73.879536,40 46 09.01N,073 52 46.33W,BLDG,1,97,120,U,1.0,A,U,A,20,11035
36-022788,O,US,NY,NEW YORK,40.769175,-73.867706,40 46 09.03N,073 52 03.74W,BLDG,1,140,158,U,1.0,A,U,A,20,11035
36-022770,O,US,NY,NEW YORK,40.7694,-73.885356,40 46 09.84N,073 53 07.28W,FENCE,1,14,31,U,1.0,A,U,A,20,11035
36-022791,O,US,NY,NEW YORK,40.770033,-73.860886,40 46 12.12N,073 51 39.19W,BLDG,1,80,81,U,1.0,A,U,A,20,11035
36-025743,O,US,NY,NEW YORK,40.770169,-73.988572,40 46 12.61N,073 59 18.86W,BLDG,1,156,228,N,2.0,C,N,2012AEA02994OE A,20,12230
36-129675,O,US,NY,NEW YORK,40.770244,-73.982417,40 46 12.88N,073 58 56.70W,BLDG,1,391,473,N,4.0,D,N,2017AEA06412OE A,20,17363
36-030252,O,US,NY,NEW YORK,40.770653,-73.992897,40 46 14.35N,073 59 34.43W,BLDG,1,450,470,R,4.0,D,N,2014AEA06753OE C,20,17173
36-022767,O,US,NY,NEW YORK,40.770667,-73.858064,40 46 14.40N,073 51 29.03W,POLE,1,34,35,U,1.0,A,U,A,20,11035
36-022759,O,US,NY,NEW YORK,40.770739,-73.8574,40 46 14.66N,073 51 26.64W,FENCE,1,21,22,U,1.0,A,U,A,20,11035
36-022761,O,US,NY,NEW YORK,40.771067,-73.857822,40 46 15.84N,073 51 28.16W,BLDG,1,16,17,U,1.0,A,U,A,20,11035
36-022763,O,US,NY,NEW YORK,40.771497,-73.855911,40 46 17.39N,073 51 21.28W,NAVAID,1,18,19,R,1.0,A,U,C,20,13178
36-022768,O,US,NY,NEW YORK,40.771794,-73.908242,40 46 18.46N,073 54 29.67W,BLDG,1,109,166,U,1.0,A,U,A,20,11035
36-022765,O,US,NY,NEW YORK,40.771969,-73.867781,40 46 19.09N,073 52 04.01W,TOWER,1,148,155,U,1.0,A,U,A,20,11035
36-022757,O,US,NY,NEW YORK,40.772092,-73.882769,40 46 19.53N,073 52 57.97W,TOWER,1,37,42,U,1.0,A,U,A,20,11035
36-030222,O,US,NY,NEW YORK,40.772242,-73.991083,40 46 20.07N,073 59 27.90W,BLDG,1,535,558,R,4.0,D,N,2016AEA05857OE A,20,17124
36-022766,O,US,NY,NEW YORK,40.772347,-73.884958,40 46 20.45N,073 53 05.85W,POLE,1,59,63,U,1.0,A,U,A,20,11035
36-022762,O,US,NY,NEW YORK,40.772583,-73.855833,40 46 21.30N,073 51 21.00W,FENCE,1,12,17,R,1.0,A,N,C,20,13259
36-022760,O,US,NY,NEW YORK,40.772644,-73.856222,40 46 21.52N,073 51 22.40W,FENCE,1,20,21,U,1.0,A,U,A,20,11035
36-022755,O,US,NY,NEW YORK,40.772658,-73.886281,40 46 21.57N,073 53 10.61W,BLDG,1,81,84,U,1.0,A,U,A,20,11035
36-221934,U,US,NY,NEW YORK,40.772661,-73.832992,40 46 21.58N,073 49 58.77W,BLDG,1,88,100,N,4.0,D,N,2021AEA15738OE A,20,23177
36-197358,O,US,NY,NEW YORK,40.772844,-73.979892,40 46 22.24N,073 58 47.61W,BLDG,1,795,875,R,4.0,D,N,2019AEA01871OE C,20,24134
36-022748,O,US,NY,NEW YORK,40.773022,-73.857189,40 46 22.88N,073 51 25.88W,FENCE,1,19,20,U,1.0,A,U,A,20,11035
36-020726,O,US,NY,NEW YORK,40.773389,-73.873608,40 46 24.20N,073 52 24.99W,CTRL TWR,1,229,240,U,1.0,A,U,C,20,10113
36-022753,O,US,NY,NEW YORK,40.773414,-73.877383,40 46 24.29N,073 52 38.58W,BLDG,1,70,85,U,1.0,A,U,A,20,11035
36-022749,O,US,NY,NEW YORK,40.773906,-73.859156,40 46 26.06N,073 51 32.96W,GEN UTIL,1,12,13,U,1.0,A,U,A,20,11035
36-001905,U,US,NY,NEW YORK,40.774167,-73.989444,40 46 27.00N,073 59 22.00W,BLDG,1,435,470,U,4.0,D,N,1990AEA01513OE C,20,14124
36-022747,O,US,NY,NEW YORK,40.774403,-73.8818,40 46 27.85N,073 52 54.48W,POLE,1,20,30,U,1.0,A,U,A,20,11035
36-022750,O,US,NY,NEW YORK,40.774817,-73.861161,40 46 29.34N,073 51 40.18W,POLE,1,23,24,U,1.0,A,U,A,20,11035
36-022752,O,US,NY,NEW YORK,40.775331,-73.868981,40 46 31.19N,073 52 08.33W,BLDG,1,56,61,U,1.0,A,U,A,20,11035
36-020805,O,US,NY,NEW YORK,40.775417,-73.984572,40 46 31.50N,073 59 04.46W,BLDG,1,487,557,R,5.0,D,N,2010AEA03727OE A,20,12075
36-022756,O,US,NY,NEW YORK,40.776281,-73.9138,40 46 34.61N,073 54 49.68W,T-L TWR,1,127,176,U,1.0,A,U,A,20,11035
36-001311,O,US,NY,NEW YORK,40.776389,-73.947222,40 46 35.00N,073 56 50.00W,BLDG,1,405,444,R,3.0,C,N,1987AEA00748OE C,20,14152
36-022751,O,US,NY,NEW YORK,40.776569,-73.874922,40 46 35.65N,073 52 29.72W,BLDG,1,52,61,U,1.0,A,U,A,20,11035
36-025428,O,US,NY,NEW YORK,40.776858,-73.977856,40 46 36.69N,073 58 40.28W,BLDG,1,193,281,N,1.0,A,N,2011AEA01093OE A,20,11223
36-001863,O,US,NY,NEW YORK,40.7775,-73.955556,40 46 39.00N,073 57 20.00W,BLDG,1,256,337,N,5.0,D,N,1994AEA00414OE C,20,14152
36-022728,O,US,NY,NEW YORK,40.777542,-73.866394,40 46 39.15N,073 51 59.02W,FENCE,1,19,20,U,1.0,A,U,A,20,11035
36-139953,U,US,NY,NEW YORK,40.778175,-73.902142,40 46 41.43N,073 54 07.71W,POLE,1,29,47,N,4.0,D,N,2018AEA05402OE A,20,18254
36-022729,O,US,NY,NEW YORK,40.779319,-73.870422,40 46 45.55N,073 52 13.52W,NAVAID,1,19,20,U,1.0,A,U,A,20,11035
36-022730,O,US,NY,NEW YORK,40.779358,-73.870539,40 46 45.69N,073 52 13.94W,NAVAID,1,26,27,U,1.0,A,U,A,20,11035
36-206830,U,US,NY,LONG ISLAND CITY,40.779747,-73.90105,40 46 47.09N,073 54 03.78W,BLDG,1,139,148,N,4.0,D,N,2021AEA00330OE A,20,22323
36-150467,O,US,NY,NEW YORK,40.780025,-73.953489,40 46 48.09N,073 57 12.56W,BLDG,1,523,605,R,4.0,D,N,2018AEA02796OE A,20,18354
36-206836,U,US,NY,LONG ISLAND CITY,40.780044,-73.900689,40 46 48.16N,073 54 02.48W,BLDG,1,150,159,N,4.0,D,N,2021AEA00336OE C,20,24263
36-206831,U,US,NY,LONG ISLAND CITY,40.780289,-73.901817,40 46 49.04N,073 54 06.54W,BLDG,1,138,148,N,4.0,D,N,2021AEA00331OE A,20,22323
36-022724,O,US,NY,NEW YORK,40.780372,-73.872794,40 46 49.34N,073 52 22.06W,POLE,1,25,26,U,1.0,A,U,A,20,11035
36-022754,O,US,NY,NEW YORK,40.780492,-73.879119,40 46 49.77N,073 52 44.83W,POLE,1,32,34,U,1.0,A,U,A,20,11035
36-022732,O,US,NY,NEW YORK,40.780958,-73.872017,40 46 51.45N,073 52 19.26W,POLE,1,27,28,U,1.0,A,U,A,20,11035
36-022725,O,US,NY,NEW YORK,40.7814,-73.875233,40 46 53.04N,073 52 30.84W,TOWER,1,53,53,U,1.0,A,U,A,20,11035
36-022723,O,US,NY,NEW YORK,40.781511,-73.875067,40 46 53.44N,073 52 30.24W,BLDG,1,25,25,U,1.0,A,U,A,20,11035
36-000784,O,US,NY,NEW YORK,40.781944,-73.944444,40 46 55.00N,073 56 40.00W,BLDG,1,232,239,U,3.0,C,N,C,20,14152
36-000787,O,US,NY,NEW YORK,40.781944,-73.945556,40 46 55.00N,073 56 44.00W,BLDG,1,336,349,U,3.0,C,N,C,20,14152
36-001841,U,US,NY,NEW YORK,40.7825,-73.952222,40 46 57.00N,073 57 08.00W,BLDG-TWR,1,210,290,N,4.0,D,N,1996AEA01254OE C,20,14124
36-022722,O,US,NY,NEW YORK,40.782708,-73.871861,40 46 57.75N,073 52 18.70W,TOWER,1,54,55,U,1.0,A,U,A,20,11035
36-171563,O,US,NY,NEW YORK,40.783444,-73.981389,40 47 00.40N,073 58 53.00W,BLDG,1,234,313,R,4.0,D,N,2019AEA00762OE A,20,20343
36-022739,O,US,NY,NEW YORK,40.783717,-73.8686,40 47 01.38N,073 52 06.96W,NAVAID,1,41,41,U,1.0,A,U,A,20,11035
36-173313,O,US,NY,NEW YORK,40.785733,-73.969764,40 47 08.64N,073 58 11.15W,BLDG,1,260,371,N,2.0,C,N,2020AEA11871OE A,20,21057
36-022293,O,US,NY,NEW YORK,40.785819,-73.114047,40 47 08.95N,073 06 50.57W,POLE,1,35,116,U,1.0,A,U,A,20,11033
36-022734,O,US,NY,NEW YORK,40.786667,-73.883264,40 47 12.00N,073 52 59.75W,FENCE,1,14,25,U,1.0,A,U,A,20,11035
36-022733,O,US,NY,NEW YORK,40.7868,-73.882733,40 47 12.48N,073 52 57.84W,POLE,1,25,40,U,1.0,A,U,A,20,11035
36-227286,U,US,NY,NEW YORK,40.786944,-73.900639,40 47 13.00N,073 54 02.30W,POWER PLANT,1,87,102,N,4.0,D,N,2022AEA18583OE A,20,24249
36-022740,O,US,NY,NEW YORK,40.787156,-73.872919,40 47 13.76N,073 52 22.51W,POLE,1,34,61,U,1.0,A,U,A,20,11035
36-022726,O,US,NY,NEW YORK,40.787353,-73.868008,40 47 14.47N,073 52 04.83W,BLDG,1,25,26,U,1.0,A,U,A,20,11035
36-022292,O,US,NY,NEW YORK,40.787575,-73.113842,40 47 15.27N,073 06 49.83W,NAVAID,1,9,92,U,1.0,A,U,A,20,11033
36-022741,O,US,NY,NEW YORK,40.787725,-73.872197,40 47 15.81N,073 52 19.91W,POLE,1,34,63,U,1.0,A,U,A,20,11035
36-022742,O,US,NY,NEW YORK,40.788086,-73.872261,40 47 17.11N,073 52 20.14W,POLE,1,37,70,U,1.0,A,U,A,20,11035
36-022291,O,US,NY,NEW YORK,40.788317,-73.092544,40 47 17.94N,073 05 33.16W,POLE,1,31,101,U,2.0,C,U,A,20,11033
36-022280,O,US,NY,NEW YORK,40.788381,-73.116136,40 47 18.17N,073 06 58.09W,POLE,1,38,120,U,1.0,A,U,A,20,11033
36-022737,O,US,NY,NEW YORK,40.78845,-73.887214,40 47 18.42N,073 53 13.97W,POLE,1,48,67,U,1.0,A,U,A,20,11035
36-022743,O,US,NY,NEW YORK,40.788642,-73.872472,40 47 19.11N,073 52 20.90W,BLDG,1,46,84,U,1.0,A,U,A,20,11035
36-020859,O,US,NY,NEW YORK,40.788878,-73.954747,40 47 19.96N,073 57 17.09W,BLDG,1,204,272,N,2.0,C,N,2010AEA03122OE A,20,11080
36-022282,O,US,NY,NEW YORK,40.789125,-73.093817,40 47 20.85N,073 05 37.74W,POLE,1,71,144,U,2.0,C,U,A,20,11033
36-022281,O,US,NY,NEW YORK,40.789358,-73.094122,40 47 21.69N,073 05 38.84W,POLE,1,70,144,U,2.0,C,U,A,20,11033
36-022263,O,US,NY,NEW YORK,40.789733,-73.094619,40 47 23.04N,073 05 40.63W,POLE,1,68,144,U,2.0,C,U,A,20,11033
36-022258,O,US,NY,NEW YORK,40.790003,-73.094967,40 47 24.01N,073 05 41.88W,POLE,1,70,147,U,2.0,C,U,A,20,11033
36-022277,O,US,NY,NEW YORK,40.790106,-73.096869,40 47 24.38N,073 05 48.73W,POLE,1,64,143,U,2.0,C,U,A,20,11033
36-022256,O,US,NY,NEW YORK,40.790175,-73.095181,40 47 24.63N,073 05 42.65W,POLE,1,66,143,U,1.0,A,U,A,20,11033
36-022264,O,US,NY,NEW YORK,40.790236,-73.095283,40 47 24.85N,073 05 43.02W,POLE,1,65,143,U,2.0,C,U,A,20,11033
36-022744,O,US,NY,NEW YORK,40.790456,-73.8744,40 47 25.64N,073 52 27.84W,BLDG,1,74,133,U,1.0,A,U,A,20,11035
36-151484,O,US,NY,NEW YORK,40.79115,-73.948486,40 47 28.14N,073 56 54.55W,BLDG,1,252,267,R,1.0,A,N,2017AEA13116OE A,20,19179
36-022209,O,US,NY,NEW YORK,40.791314,-73.110969,40 47 28.73N,073 06 39.49W,TOWER,1,33,121,U,1.0,A,U,A,20,11033
36-025655,O,US,NY,NEW YORK,40.793106,-73.972578,40 47 35.18N,073 58 21.28W,BLDG,1,191,280,N,5.0,D,N,2012AEA01782OE A,20,12131
36-022210,O,US,NY,NEW YORK,40.793197,-73.111581,40 47 35.51N,073 06 41.69W,POLE,1,27,117,U,1.0,A,U,A,20,11033
36-022234,O,US,NY,NEW YORK,40.793778,-73.0857,40 47 37.60N,073 05 08.52W,POLE,1,46,133,U,1.0,A,U,A,20,11033
36-022219,O,US,NY,NEW YORK,40.793956,-73.100133,40 47 38.24N,073 06 00.48W,TOWER,1,34,116,U,1.0,A,U,A,20,11033
36-025429,O,US,NY,NEW YORK,40.794603,-73.934811,40 47 40.57N,073 56 05.32W,BLDG,1,77,87,N,5.0,D,N,2011AEA00201OE A,20,11223
36-197571,O,US,NY,NEW YORK,40.796058,-73.946003,40 47 45.81N,073 56 45.61W,BLDG,1,155,176,N,1.0,A,N,2022AEA02237OE C,20,22350
36-020758,O,US,NY,NEW YORK,40.796183,-73.962989,40 47 46.26N,073 57 46.76W,BLDG,1,99,200,N,2.0,C,N,2010AEA01746OE A,20,10182
36-197999,O,US,NY,NEW YORK,40.797144,-73.94635,40 47 49.72N,073 56 46.86W,BLDG,1,417,436,R,4.0,D,N,2022AEA00163OE C,20,24075
36-002313,O,US,NY,NEW YORK,40.798667,-73.909142,40 47 55.20N,073 54 32.91W,STACK,1,107,120,R,5.0,D,M,2002AEA01372OE C,20,6177
36-002314,O,US,NY,NEW YORK,40.798847,-73.908958,40 47 55.85N,073 54 32.25W,STACK,1,107,120,R,5.0,D,M,2002AEA01373OE C,20,6177
36-022238,O,US,NY,NEW YORK,40.799311,-73.101725,40 47 57.52N,073 06 06.21W,POLE,1,27,114,U,2.0,C,U,A,20,11033
36-022207,O,US,NY,NEW YORK,40.800603,-73.097978,40 48 02.17N,073 05 52.72W,TOWER,1,28,118,U,1.0,A,U,A,20,11033
36-022226,O,US,NY,NEW YORK,40.801186,-73.108772,40 48 04.27N,073 06 31.58W,BLDG,1,61,158,U,1.0,A,U,A,20,11033
36-022236,O,US,NY,NEW YORK,40.801378,-73.112594,40 48 04.96N,073 06 45.34W,TANK,1,57,157,U,2.0,C,U,A,20,11033
36-024701,O,US,NY,NEW YORK,40.8022,-73.944906,40 48 07.92N,073 56 41.66W,BLDG,1,80,116,N,5.0,D,N,2010ASW05032OE A,20,11192
36-022204,O,US,NY,NEW YORK,40.802464,-73.110694,40 48 08.87N,073 06 38.50W,POLE,1,40,140,U,2.0,C,U,A,20,11033
36-022199,O,US,NY,NEW YORK,40.802606,-73.110406,40 48 09.38N,073 06 37.46W,POLE,1,32,132,U,2.0,C,U,A,20,11033
36-022196,O,US,NY,NEW YORK,40.802633,-73.109144,40 48 09.48N,073 06 32.92W,POLE,1,11,111,U,1.0,A,U,A,20,11033
36-022200,O,US,NY,NEW YORK,40.802803,-73.110675,40 48 10.09N,073 06 38.43W,POLE,1,37,137,U,2.0,C,U,A,20,11033
36-022188,O,US,NY,NEW YORK,40.803289,-73.110992,40 48 11.84N,073 06 39.57W,POLE,1,26,127,U,2.0,C,U,A,20,11033
36-022146,O,US,NY,NEW YORK,40.803297,-73.093158,40 48 11.87N,073 05 35.37W,NAVAID,1,6,104,U,1.0,A,U,A,20,11033
36-022738,O,US,NY,NEW YORK,40.804767,-73.915725,40 48 17.16N,073 54 56.61W,BLDG,1,199,248,U,1.0,A,U,A,20,11035
36-022127,O,US,NY,NEW YORK,40.80585,-73.110019,40 48 21.06N,073 06 36.07W,POLE,1,41,146,U,2.0,C,U,A,20,11033
36-022126,O,US,NY,NEW YORK,40.80585,-73.110503,40 48 21.06N,073 06 37.81W,POLE,1,41,146,U,2.0,C,U,A,20,11033
36-022128,O,US,NY,NEW YORK,40.806125,-73.109989,40 48 22.05N,073 06 35.96W,POLE,1,41,147,U,2.0,C,U,A,20,11033
36-022090,O,US,NY,NEW YORK,40.806453,-73.095511,40 48 23.23N,073 05 43.84W,TOWER,1,106,211,U,1.0,A,U,A,20,11033
36-225732,O,US,NY,NEW YORK,40.806642,-73.941542,40 48 23.91N,073 56 29.55W,BLDG,1,280,303,R,1.0,A,N,2022AEA17962OE A,20,24078
36-178832,O,US,NY,NEW YORK,40.807183,-73.930336,40 48 25.86N,073 55 49.21W,BLDG,1,309,316,R,2.0,C,N,2020AEA05446OE C,20,23044
36-022094,O,US,NY,NEW YORK,40.807325,-73.112419,40 48 26.37N,073 06 44.71W,POLE,1,39,145,U,2.0,C,U,A,20,11033
36-178831,O,US,NY,NEW YORK,40.807489,-73.930803,40 48 26.96N,073 55 50.89W,BLDG,1,309,316,R,2.0,C,N,2020AEA05428OE C,20,23044
36-178830,O,US,NY,NEW YORK,40.807617,-73.930067,40 48 27.42N,073 55 48.24W,BLDG,1,309,316,R,2.0,C,N,2020AEA05403OE C,20,23044
36-178829,O,US,NY,NEW YORK,40.807872,-73.930675,40 48 28.34N,073 55 50.43W,BLDG,1,309,316,R,2.0,C,N,2020AEA05385OE C,20,23044
36-197600,O,US,NY,NEW YORK,40.808292,-73.931669,40 48 29.85N,073 55 54.01W,POLE,1,293,305,R,4.0,D,N,2020AEA05346OE A,20,22234
36-197599,O,US,NY,NEW YORK,40.808725,-73.931894,40 48 31.41N,073 55 54.82W,POLE,1,210,222,N,4.0,D,N,2020AEA05345OE A,20,22234
36-197598,O,US,NY,NEW YORK,40.808992,-73.932203,40 48 32.37N,073 55 55.93W,POLE,1,295,307,R,4.0,D,N,2020AEA05344OE A,20,22234
36-022051,O,US,NY,NEW YORK,40.809192,-73.091158,40 48 33.09N,073 05 28.17W,POLE,1,65,175,U,1.0,A,U,A,20,11033
36-213473,O,US,NY,NEW YORK,40.809403,-73.929786,40 48 33.85N,073 55 47.23W,BLDG,1,266,275,R,1.0,A,N,2022AEA00972OE A,20,23079
36-124140,O,US,NY,NEW YORK,40.811528,-73.959611,40 48 41.50N,073 57 34.60W,BLDG,1,392,494,R,4.0,D,N,2017AEA07906OE C,20,19044
36-197371,O,US,NY,NEW YORK,40.811681,-73.962017,40 48 42.05N,073 57 43.26W,BLDG,1,496,611,R,1.0,A,N,2020AEA06315OE C,20,23242
36-022039,O,US,NY,NEW YORK,40.812331,-73.082361,40 48 44.39N,073 04 56.50W,POLE,1,101,219,U,1.0,A,U,A,20,11033
36-160094,U,US,NY,NEW YORK,40.813319,-73.756444,40 48 47.95N,073 45 23.20W,POLE,1,100,148,N,4.0,D,N,2018AEA08811OE A,20,20115
36-160096,U,US,NY,NEW YORK,40.813392,-73.755667,40 48 48.21N,073 45 20.40W,POLE,1,80,125,N,4.0,D,N,2018AEA08813OE A,20,20115
36-160092,U,US,NY,NEW YORK,40.813522,-73.75685,40 48 48.68N,073 45 24.66W,POLE,1,100,146,N,4.0,D,N,2018AEA08809OE A,20,20115
36-160098,U,US,NY,NEW YORK,40.813728,-73.755425,40 48 49.42N,073 45 19.53W,POLE,1,80,126,N,4.0,D,N,2018AEA08815OE A,20,20115
36-022043,O,US,NY,NEW YORK,40.813756,-73.129717,40 48 49.52N,073 07 46.98W,T-L TWR,1,131,263,U,1.0,A,U,A,20,11033
36-022042,O,US,NY,NEW YORK,40.813944,-73.127131,40 48 50.20N,073 07 37.67W,T-L TWR,1,128,260,U,1.0,A,U,A,20,11033
36-160091,U,US,NY,NEW YORK,40.814047,-73.75685,40 48 50.57N,073 45 24.66W,POLE,1,100,146,N,4.0,D,N,2018AEA08808OE A,20,20115
36-160097,U,US,NY,NEW YORK,40.814297,-73.755586,40 48 51.47N,073 45 20.11W,POLE,1,80,125,N,4.0,D,N,2018AEA08814OE A,20,20115
36-160093,U,US,NY,NEW YORK,40.814347,-73.756706,40 48 51.65N,073 45 24.14W,POLE,1,100,146,N,4.0,D,N,2018AEA08810OE A,20,20115
36-160095,U,US,NY,NEW YORK,40.814494,-73.756022,40 48 52.18N,073 45 21.68W,POLE,1,80,124,N,4.0,D,N,2018AEA08812OE A,20,20115
36-029933,U,US,NY,NEW YORK,40.815278,-73.950556,40 48 55.00N,073 57 02.00W,BLDG,1,175,292,N,4.0,D,N,2011AEA04137OE A,20,16237
36-198046,U,US,NY,NEW YORK,40.815528,-73.958731,40 48 55.90N,073 57 31.43W,BLDG,1,468,497,R,1.0,A,N,2020AEA10062OE A,20,22342
36-173513,U,US,NY,NEW YORK,40.816556,-73.915667,40 48 59.60N,073 54 56.40W,BLDG,1,174,195,N,4.0,D,N,2020AEA02300OE A,20,21126
36-022746,O,US,NY,NEW YORK,40.8166,-73.890858,40 48 59.76N,073 53 27.09W,BLDG,1,175,249,U,1.0,A,U,A,20,11035
36-173352,O,US,NY,NEW YORK,40.816706,-73.928419,40 49 00.14N,073 55 42.31W,BLDG,1,302,340,R,4.0,D,N,2021AEA00525OE C,20,21271
36-173328,O,US,NY,NEW YORK,40.817925,-73.959464,40 49 04.53N,073 57 34.07W,BLDG,1,222,238,N,1.0,A,N,2020AEA12448OE A,20,21069
36-022041,O,US,NY,NEW YORK,40.819039,-73.082144,40 49 08.54N,073 04 55.72W,T-L TWR,1,130,255,U,1.0,A,U,A,20,11033
36-025744,O,US,NY,NEW YORK,40.82,-73.945556,40 49 12.00N,073 56 44.00W,BLDG,1,85,114,N,5.0,D,N,2012AEA03069OE A,20,12230
36-025458,O,US,NY,NEW YORK,40.825953,-73.946708,40 49 33.43N,073 56 48.15W,BLDG,1,75,210,N,1.0,A,N,2016AEA11603OE C,20,17234
36-197584,U,US,NY,NEW YORK,40.831294,-73.877786,40 49 52.66N,073 52 40.03W,BLDG,1,101,159,N,4.0,D,N,2020AEA05901OE C,20,24123
36-006033,U,US,NY,NEW YORK,40.841667,-73.936944,40 50 30.00N,073 56 13.00W,TOWER,1,106,256,U,,,U,A,19,76048
36-000494,O,US,NY,NEW YORK,40.842267,-73.874722,40 50 32.16N,073 52 29.00W,TOWER,1,310,340,D,5.0,D,N,2004AEA00202OE C,20,6093
36-000871,O,US,NY,NEW YORK,40.8426,-73.9425,40 50 33.36N,073 56 33.00W,BLDG,1,344,519,N,5.0,D,N,2010AEA01958OE C,20,12102
36-006035,U,US,NY,NEW YORK,40.858333,-73.903611,40 51 30.00N,073 54 13.00W,TOWER,1,100,250,U,,,U,A,19,76048
36-000263,O,US,NY,NEW YORK,40.859722,-73.785278,40 51 35.00N,073 47 07.00W,TOWER,1,529,549,R,1.0,D,M,0067_NY00375OE C,20,6323
36-002667,O,US,NY,NEW YORK,40.859722,-73.786411,40 51 35.00N,073 47 11.08W,TOWER,1,307,327,R,5.0,D,P,2001AEA04637OE C,20,9267
36-226700,O,US,NY,NEW YORK,40.863261,-73.917647,40 51 47.74N,073 55 03.53W,BLDG,1,219,231,R,2.0,D,N,2023AEA14708OE A,20,24109
36-001782,O,US,NY,NEW YORK,40.865544,-72.863883,40 51 55.96N,072 51 49.98W,TOWER,1,131,213,N,2.0,C,N,1991AEA01872OE C,20,12338
36-173263,O,US,NY,NEW YORK,40.875803,-73.888675,40 52 32.89N,073 53 19.23W,TOWER,1,299,429,D,2.0,C,N,2020AEA04791OE A,20,21021
