Time,Mean_Distance
50.00,240.24
60.00,260.00
70.00,373.33
80.00,373.33
90.00,373.33
100.00,373.33
110.00,373.33
120.00,2440.71
130.00,2313.65
140.00,2188.53
150.00,2065.74
160.00,1945.79
170.00,1829.29
180.00,1719.22
190.00,1666.22
200.00,1694.72
210.00,2144.06
220.00,2059.32
230.00,2079.33
240.00,2011.18
250.00,1965.05
260.00,1969.98
270.00,1920.94
280.00,1824.39
290.00,1786.31
300.00,1751.15
310.00,1796.49
320.00,1839.14
330.00,1917.97
340.00,2002.16
350.00,2416.29
360.00,2391.83
370.00,2510.28
380.00,2452.84
390.00,2440.75
400.00,2522.70
410.00,2512.68
420.00,2451.96
430.00,2448.52
440.00,2433.08
450.00,2004.62
460.00,1970.42
470.00,1960.76
480.00,1955.47
490.00,1969.74
500.00,2010.86
510.00,2079.48
520.00,2155.74
530.00,2200.90
540.00,2211.33
550.00,2207.53
560.00,2187.45
570.00,2192.97
580.00,2233.89
590.00,2038.67
600.00,1723.23
610.00,1739.56
620.00,1700.30
630.00,1663.61
640.00,1143.31
650.00,1707.78
660.00,1700.20
670.00,1713.36
680.00,1762.71
690.00,1811.68
700.00,1905.36
710.00,2050.69
720.00,2205.25
730.00,2323.71
740.00,2598.81
750.00,2627.29
760.00,2518.16
770.00,2516.31
780.00,2549.93
790.00,2617.35
800.00,2704.71
810.00,2750.88
820.00,2901.81
830.00,2906.64
840.00,2804.48
850.00,2807.58
860.00,2852.73
870.00,2905.09
880.00,2510.24
890.00,2051.82
900.00,1945.96
910.00,1880.73
920.00,1847.84
930.00,1842.50
940.00,2467.75
950.00,2443.79
960.00,2433.46
970.00,2594.10
980.00,2561.31
990.00,2529.42
1000.00,2550.93
1010.00,2471.31
1020.00,2741.49
1030.00,2651.73
1040.00,2569.29
1050.00,2491.74
1060.00,2416.80
1070.00,2297.89
1080.00,2308.24
1090.00,2427.99
1100.00,2333.37
1110.00,2293.24
1120.00,2294.26
1130.00,2029.99
1140.00,1938.94
1150.00,2047.43
1160.00,2023.83
1170.00,2039.22
1180.00,2330.61
1190.00,2341.74
1200.00,2434.88
1210.00,2474.02
1220.00,2482.92
1230.00,2544.70
1240.00,2643.20
1250.00,2463.55
1260.00,2522.93
1270.00,2568.48
1280.00,2633.58
1290.00,2359.74
1300.00,2389.22
1310.00,2401.74
1320.00,2295.59
1330.00,2524.16
1340.00,2471.07
1350.00,2435.67
1360.00,2305.40
1370.00,2301.14
1380.00,2291.73
1390.00,2244.56
1400.00,2203.23
1410.00,2192.84
1420.00,2190.66
1430.00,2241.58
1440.00,2218.77
1450.00,2486.62
1460.00,2448.30
1470.00,2436.40
1480.00,2446.53
1490.00,2465.52
1500.00,2478.32
1510.00,2502.16
1520.00,2462.60
1530.00,2461.53
1540.00,2500.27
1550.00,2478.92
1560.00,2388.05
1570.00,2495.30
1580.00,2539.01
1590.00,1753.83
1600.00,1702.12
1610.00,1754.84
1620.00,1829.47
1630.00,1925.24
1640.00,2004.05
1650.00,2147.46
1660.00,2197.72
1670.00,2283.50
1680.00,2705.68
1690.00,2726.04
1700.00,2670.61
1710.00,2640.31
1720.00,2577.30
1730.00,2555.01
1740.00,2557.61
1750.00,2578.52
1760.00,2554.07
1770.00,2540.63
1780.00,2421.40
1790.00,2396.03
1800.00,2197.38
1810.00,2163.66
1820.00,2152.24
1830.00,2275.99
1840.00,2259.98
1850.00,2269.69
1860.00,2519.52
1870.00,2395.54
1880.00,2467.03
1890.00,2526.25
1900.00,2678.10
1910.00,2791.85
1920.00,2668.92
1930.00,2735.38
1940.00,2996.69
1950.00,3044.14
1960.00,3095.35
1970.00,3098.90
1980.00,3000.61
1990.00,2957.94
2000.00,2981.89
2010.00,3011.67
2020.00,3007.41
2030.00,2985.83
2040.00,2978.10
2050.00,2649.50
2060.00,2798.33
2070.00,2521.55
2080.00,2464.72
2090.00,2388.41
2100.00,2297.56
2110.00,2642.17
2120.00,2574.02
2130.00,2542.56
2140.00,2534.19
2150.00,2319.67
2160.00,2172.46
2170.00,2049.41
2180.00,2604.91
2190.00,2527.41
2200.00,2463.12
2210.00,2389.03
2220.00,2086.32
2230.00,2365.88
2240.00,2242.56
2250.00,2137.85
2260.00,2050.10
2270.00,1985.57
2280.00,1947.96
2290.00,1871.53
2300.00,1805.89
2310.00,1770.94
2320.00,1785.90
2330.00,1840.14
2340.00,1873.75
2350.00,1912.70
2360.00,1974.14
2370.00,2044.60
2380.00,2124.92
2390.00,2212.91
2400.00,2313.78
2410.00,2422.34
2420.00,2447.38
2430.00,2401.39
2440.00,2473.79
2450.00,2556.28
2460.00,2620.78
2470.00,2649.88
2480.00,2675.98
2490.00,2707.98
2500.00,2442.87
2510.00,2415.38
2520.00,2370.29
2530.00,2332.97
2540.00,2285.54
2550.00,2181.56
2560.00,2145.27
2570.00,1935.06
2580.00,1927.94
2590.00,1894.58
2600.00,1885.39
2610.00,1901.06
2620.00,1933.35
2630.00,2011.77
2640.00,2106.51
2650.00,2217.42
2660.00,2318.88
2670.00,2443.00
2680.00,1794.62
2690.00,1937.79
2700.00,2004.00
2710.00,2121.29
2720.00,2257.46
2730.00,2381.85
2740.00,2528.84
2750.00,2718.75
2760.00,2922.59
2770.00,3155.07
2780.00,3325.62
2790.00,3483.56
2800.00,3644.75
2810.00,3808.72
2820.00,4956.20
2940.00,540.10
2950.00,461.89
2960.00,476.85
2970.00,510.10
2980.00,682.45
2990.00,730.95
3000.00,829.79
3010.00,978.24
3020.00,1098.78
3030.00,1229.51
3040.00,1368.42
3050.00,2585.89
3060.00,2580.16
3070.00,2539.22
3080.00,2499.30
3090.00,2508.70
3100.00,2813.47
3110.00,2744.58
3120.00,2661.32
3130.00,2568.04
3140.00,2389.08
3150.00,2285.96
3160.00,2161.57
3170.00,2036.36
3180.00,1943.83
3190.00,1883.60
3200.00,1860.39
3210.00,1839.24
3220.00,1829.47
3230.00,1834.16
3240.00,1854.05
3250.00,1483.96
3260.00,1582.50
3270.00,1701.37
3280.00,1776.67
3290.00,1828.19
3300.00,1853.84
3310.00,1850.75
3320.00,1872.78
3330.00,1858.78
3340.00,1905.84
3350.00,1943.03
3360.00,1984.23
3370.00,2005.31
3380.00,2006.76
3390.00,2006.68
3400.00,2024.56
3410.00,1889.79
3420.00,1888.60
3430.00,1926.08
3440.00,1991.36
3450.00,2055.18
3460.00,1952.15
3470.00,2065.39
3480.00,2197.94
3490.00,2346.28
3500.00,2451.33
3510.00,2576.84
3520.00,2751.62
3530.00,1460.36
3540.00,1477.43
3550.00,1673.78
3560.00,1896.18
3570.00,1843.79
3580.00,2235.90
3590.00,2630.39
3600.00,3026.32
3610.00,3322.53
3620.00,3558.25
3630.00,3799.30
3640.00,3779.85
3650.00,3679.71
3660.00,3630.27
3670.00,792.17
3680.00,610.14
3690.00,405.48
3700.00,525.68
3710.00,841.38
3720.00,1164.17
3730.00,1384.00
5770.00,473.70
5780.00,513.59
5790.00,680.22
5800.00,906.17
5810.00,1157.21
5820.00,1420.08
5830.00,1689.28
5840.00,1962.20
5850.00,2229.46
5860.00,2506.04
5870.00,2783.79
5880.00,3062.38
5890.00,3341.63
5900.00,3494.66
5910.00,3660.15
5920.00,3810.15
5930.00,3180.09
5940.00,3190.89
5950.00,2658.96
5960.00,2734.63
5970.00,2736.92
5980.00,2720.97
5990.00,2646.27
6000.00,2570.15
6010.00,2487.29
6020.00,2403.90
6030.00,2362.27
6040.00,2332.81
6050.00,3093.23
6060.00,2955.04
6070.00,2861.71
6080.00,2772.38
6090.00,2667.87
6100.00,2589.89
6110.00,2552.07
6120.00,2476.50
6130.00,2275.06
6140.00,2148.77
6150.00,2035.99
6160.00,1939.20
6170.00,1859.14
6180.00,1796.24
6190.00,1751.86
6200.00,1699.97
6210.00,1670.37
6220.00,1633.03
6230.00,1723.93
6240.00,1595.65
6250.00,2432.92
6260.00,2300.67
6270.00,2232.89
6280.00,2189.08
6290.00,2126.30
6300.00,2159.01
6310.00,2139.27
6320.00,2099.39
6330.00,2047.83
6340.00,2003.85
6350.00,2011.26
6360.00,2058.63
6370.00,2505.38
6380.00,2505.28
6390.00,2288.68
6400.00,2343.08
6410.00,2364.21
6420.00,2465.33
6430.00,2457.39
6440.00,2451.81
6450.00,2314.60
6460.00,2313.45
6470.00,2329.88
6480.00,2374.33
6490.00,2444.79
6500.00,2500.58
6510.00,2533.34
6520.00,1955.40
6530.00,1989.12
6540.00,2021.38
6550.00,2076.12
6560.00,2148.99
6570.00,2822.74
6580.00,3092.17
6590.00,3100.71
6600.00,2929.31
6610.00,2865.50
6620.00,2806.10
6630.00,2781.04
6640.00,2935.93
6650.00,2851.18
6660.00,2881.37
6670.00,2772.69
6680.00,2675.58
6690.00,2684.60
6700.00,2378.50
6710.00,2493.20
6720.00,2539.95
6730.00,2450.47
6740.00,2443.22
6750.00,2362.76
6760.00,2333.08
6770.00,2340.54
6780.00,2320.93
6790.00,2294.90
6800.00,2219.96
6810.00,2171.07
6820.00,2378.57
6830.00,2389.76
6840.00,2374.76
6850.00,2095.06
6860.00,2070.97
6870.00,2059.27
6880.00,2040.68
6890.00,1996.84
6900.00,1999.02
6910.00,1910.26
6920.00,1921.29
6930.00,1867.76
6940.00,1837.38
6950.00,1825.22
6960.00,1780.66
6970.00,1722.36
6980.00,1706.76
6990.00,1699.25
7000.00,1687.40
7010.00,1696.84
7020.00,1680.47
7030.00,1645.20
7040.00,1707.41
7050.00,1801.49
7060.00,1894.92
7070.00,2012.31
7080.00,2150.15
7090.00,2303.64
7100.00,2398.69
7110.00,1987.16
7120.00,2091.69
7130.00,2615.08
7140.00,2818.34
7150.00,2819.99
7160.00,2843.81
7170.00,2760.11
7180.00,2792.07
7190.00,2782.41
7200.00,2553.87
7210.00,2172.01
7220.00,2114.28
7230.00,2084.55
7240.00,2068.04
7250.00,2066.85
7260.00,2088.39
7270.00,2182.28
7280.00,1824.08
7290.00,1954.59
7300.00,2079.31
7310.00,1691.81
7320.00,1848.59
7330.00,2020.89
7340.00,2197.52
7350.00,2352.74
7360.00,2435.37
7370.00,2497.48
7380.00,2199.69
7390.00,2325.91
7400.00,2474.35
7410.00,2594.05
7420.00,826.67
7430.00,826.66
7440.00,826.66
7450.00,826.67
7460.00,379.19
7470.00,379.19
7480.00,379.20
7490.00,379.21
7500.00,308.84
