Time,DroneID,X,Y,Z,Target position,Target Speed,Origin Lat,Origin Lon,Destination Lat,Destination Lon,Completed
20.00,FP000074,4584.17,0.00,26836.01,"(0, 0, 0)",0,4584.16845703125,26836.0078125,9707237,-4514490.5,false
20.00,FP000065,4584.17,0.00,26836.01,"(0, 0, 0)",0,4584.16845703125,26836.0078125,9707192,-4514490.5,false
30.00,FP000074,4584.17,0.00,26836.01,"(0, 0, 0)",0,4584.16845703125,26836.0078125,9707237,-4514490.5,false
30.00,FP000065,4584.17,0.00,26836.01,"(0, 0, 0)",0,4584.16845703125,26836.0078125,9707192,-4514490.5,false
40.00,FP000074,4584.17,0.00,26836.01,"(0, 0, 0)",0,4584.16845703125,26836.0078125,9707237,-4514490.5,false
40.00,FP000065,4584.17,0.00,26836.01,"(0, 0, 0)",0,4584.16845703125,26836.0078125,9707192,-4514490.5,false
50.00,FP000074,4584.17,0.00,26836.01,"(0, 0, 0)",0,4584.16845703125,26836.0078125,9707237,-4514490.5,false
50.00,FP000065,4584.17,0.00,26836.01,"(0, 0, 0)",0,4584.16845703125,26836.0078125,9707192,-4514490.5,false
60.00,FP000074,4584.17,0.00,26836.01,"(0, 0, 0)",0,4584.16845703125,26836.0078125,9707237,-4514490.5,false
60.00,FP000065,4584.17,0.00,26836.01,"(0, 0, 0)",0,4584.16845703125,26836.0078125,9707192,-4514490.5,false
70.00,FP000074,4584.17,0.00,26836.01,"(0, 0, 0)",0,4584.16845703125,26836.0078125,9707237,-4514490.5,false
70.00,FP000065,4584.17,0.00,26836.01,"(0, 0, 0)",0,4584.16845703125,26836.0078125,9707192,-4514490.5,false
80.00,FP000074,4518.83,11.59,26950.12,"(4498.219, 15.24, 26986.12)",44,4584.16845703125,26836.0078125,9707237,-4514490.5,false
80.00,FP000065,4584.17,0.00,26836.01,"(0, 0, 0)",0,4584.16845703125,26836.0078125,9707192,-4514490.5,false
90.00,FP000074,4802.45,15.24,26732.63,"(4948.042, 15.24, 26611.31)",44,4584.16845703125,26836.0078125,9707237,-4514490.5,false
90.00,FP000065,4584.17,0.00,26836.01,"(0, 0, 0)",0,4584.16845703125,26836.0078125,9707192,-4514490.5,false
100.00,FP000074,5117.06,15.24,26470.48,"(5397.863, 15.24, 26236.5)",44,4584.16845703125,26836.0078125,9707237,-4514490.5,false
100.00,FP000065,4584.17,0.00,26836.01,"(0, 0, 0)",0,4584.16845703125,26836.0078125,9707192,-4514490.5,false
110.00,FP000074,5431.67,15.24,26208.34,"(5847.685, 15.24, 25861.7)",44,4584.16845703125,26836.0078125,9707237,-4514490.5,false
110.00,FP000065,4584.17,0.00,26836.01,"(0, 0, 0)",0,4584.16845703125,26836.0078125,9707192,-4514490.5,false
110.00,FP000081,4584.17,0.00,26836.01,"(0, 0, 0)",0,4584.16845703125,26836.0078125,9706974,-4514490.5,false
120.00,FP000074,5769.70,15.24,25926.68,"(5847.685, 15.24, 25861.7)",44,4584.16845703125,26836.0078125,9707237,-4514490.5,false
120.00,FP000065,4584.17,0.00,26836.01,"(0, 0, 0)",0,4584.16845703125,26836.0078125,9707192,-4514490.5,false
120.00,FP000081,4584.17,0.00,26836.01,"(0, 0, 0)",0,4584.16845703125,26836.0078125,9706974,-4514490.5,false
130.00,FP000074,6084.31,15.24,25664.54,"(6297.507, 15.24, 25486.89)",44,4584.16845703125,26836.0078125,9707237,-4514490.5,false
130.00,FP000065,4584.17,0.00,26836.01,"(0, 0, 0)",0,4584.16845703125,26836.0078125,9707192,-4514490.5,false
130.00,FP000081,4584.17,0.00,26836.01,"(0, 0, 0)",0,4584.16845703125,26836.0078125,9706974,-4514490.5,false
130.00,FP000090,4584.17,0.00,26836.01,"(0, 0, 0)",0,4584.16845703125,26836.0078125,9708070,-4514490.5,false
130.00,FP000033,-338.38,0.00,23212.84,"(0, 0, 0)",0,-338.380889892578,23212.84375,9709165,-4514490.5,false
140.00,FP000074,6398.92,15.24,25402.39,"(6747.329, 15.24, 25112.08)",44,4584.16845703125,26836.0078125,9707237,-4514490.5,false
140.00,FP000065,4584.17,0.00,26836.01,"(0, 0, 0)",0,4584.16845703125,26836.0078125,9707192,-4514490.5,false
140.00,FP000081,4584.17,0.00,26836.01,"(0, 0, 0)",0,4584.16845703125,26836.0078125,9706974,-4514490.5,false
140.00,FP000090,4584.17,0.00,26836.01,"(0, 0, 0)",0,4584.16845703125,26836.0078125,9708070,-4514490.5,false
140.00,FP000033,-338.38,0.00,23212.84,"(0, 0, 0)",0,-338.380889892578,23212.84375,9709165,-4514490.5,false
150.00,FP000074,6736.95,15.24,25120.73,"(6747.329, 15.24, 25112.08)",44,4584.16845703125,26836.0078125,9707237,-4514490.5,false
150.00,FP000065,4584.17,0.00,26836.01,"(0, 0, 0)",0,4584.16845703125,26836.0078125,9707192,-4514490.5,false
150.00,FP000081,4584.17,0.00,26836.01,"(0, 0, 0)",0,4584.16845703125,26836.0078125,9706974,-4514490.5,false
150.00,FP000090,4584.17,0.00,26836.01,"(0, 0, 0)",0,4584.16845703125,26836.0078125,9708070,-4514490.5,false
150.00,FP000033,-338.38,0.00,23212.84,"(0, 0, 0)",0,-338.380889892578,23212.84375,9709165,-4514490.5,false
150.00,FP000051,4584.17,0.00,26836.01,"(0, 0, 0)",0,4584.16845703125,26836.0078125,9708242,-4514490.5,false
160.00,FP000074,7051.56,15.24,24858.59,"(7197.151, 15.24, 24737.28)",44,4584.16845703125,26836.0078125,9707237,-4514490.5,false
160.00,FP000065,4584.17,0.00,26836.01,"(0, 0, 0)",0,4584.16845703125,26836.0078125,9707192,-4514490.5,false
160.00,FP000081,4584.17,0.00,26836.01,"(0, 0, 0)",0,4584.16845703125,26836.0078125,9706974,-4514490.5,false
160.00,FP000090,4584.17,0.00,26836.01,"(0, 0, 0)",0,4584.16845703125,26836.0078125,9708070,-4514490.5,false
160.00,FP000033,-338.38,0.00,23212.84,"(0, 0, 0)",0,-338.380889892578,23212.84375,9709165,-4514490.5,false
160.00,FP000051,4584.17,0.00,26836.01,"(0, 0, 0)",0,4584.16845703125,26836.0078125,9708242,-4514490.5,false
170.00,FP000074,7366.17,15.24,24596.45,"(7646.973, 15.24, 24362.47)",44,4584.16845703125,26836.0078125,9707237,-4514490.5,false
170.00,FP000065,4584.17,0.00,26836.01,"(0, 0, 0)",0,4584.16845703125,26836.0078125,9707192,-4514490.5,false
170.00,FP000081,4584.17,0.00,26836.01,"(0, 0, 0)",0,4584.16845703125,26836.0078125,9706974,-4514490.5,false
170.00,FP000090,4584.17,0.00,26836.01,"(0, 0, 0)",0,4584.16845703125,26836.0078125,9708070,-4514490.5,false
170.00,FP000033,-338.38,0.00,23212.84,"(0, 0, 0)",0,-338.380889892578,23212.84375,9709165,-4514490.5,false
170.00,FP000051,4584.17,0.00,26836.01,"(0, 0, 0)",0,4584.16845703125,26836.0078125,9708242,-4514490.5,false
180.00,FP000074,7680.78,15.24,24334.30,"(8096.795, 15.24, 23987.66)",44,4584.16845703125,26836.0078125,9707237,-4514490.5,false
180.00,FP000065,4584.17,0.00,26836.01,"(0, 0, 0)",0,4584.16845703125,26836.0078125,9707192,-4514490.5,false
180.00,FP000081,4584.17,0.00,26836.01,"(0, 0, 0)",0,4584.16845703125,26836.0078125,9706974,-4514490.5,false
180.00,FP000090,4584.17,0.00,26836.01,"(0, 0, 0)",0,4584.16845703125,26836.0078125,9708070,-4514490.5,false
180.00,FP000033,-338.38,0.00,23212.84,"(0, 0, 0)",0,-338.380889892578,23212.84375,9709165,-4514490.5,false
180.00,FP000051,4584.17,0.00,26836.01,"(0, 0, 0)",0,4584.16845703125,26836.0078125,9708242,-4514490.5,false
180.00,FP000005,-338.38,0.00,23212.84,"(0, 0, 0)",0,-338.380889892578,23212.84375,9706341,-4514490.5,false
180.00,FP000038,-338.38,0.00,23212.84,"(0, 0, 0)",0,-338.380889892578,23212.84375,9706078,-4514490.5,false
190.00,FP000074,8018.81,15.24,24052.64,"(8096.795, 15.24, 23987.66)",44,4584.16845703125,26836.0078125,9707237,-4514490.5,false
190.00,FP000065,4584.17,0.00,26836.01,"(0, 0, 0)",0,4584.16845703125,26836.0078125,9707192,-4514490.5,false
190.00,FP000081,4584.17,0.00,26836.01,"(0, 0, 0)",0,4584.16845703125,26836.0078125,9706974,-4514490.5,false
190.00,FP000090,4584.17,0.00,26836.01,"(0, 0, 0)",0,4584.16845703125,26836.0078125,9708070,-4514490.5,false
190.00,FP000033,-338.38,0.00,23212.84,"(0, 0, 0)",0,-338.380889892578,23212.84375,9709165,-4514490.5,false
190.00,FP000051,4584.17,0.00,26836.01,"(0, 0, 0)",0,4584.16845703125,26836.0078125,9708242,-4514490.5,false
190.00,FP000005,-338.38,0.00,23212.84,"(0, 0, 0)",0,-338.380889892578,23212.84375,9706341,-4514490.5,false
190.00,FP000038,-338.38,0.00,23212.84,"(0, 0, 0)",0,-338.380889892578,23212.84375,9706078,-4514490.5,false
200.00,FP000074,8333.42,15.24,23790.50,"(8546.617, 15.24, 23612.85)",44,4584.16845703125,26836.0078125,9707237,-4514490.5,false
200.00,FP000065,4584.17,0.00,26836.01,"(0, 0, 0)",0,4584.16845703125,26836.0078125,9707192,-4514490.5,false
200.00,FP000081,4584.17,0.00,26836.01,"(0, 0, 0)",0,4584.16845703125,26836.0078125,9706974,-4514490.5,false
200.00,FP000090,4584.17,0.00,26836.01,"(0, 0, 0)",0,4584.16845703125,26836.0078125,9708070,-4514490.5,false
200.00,FP000033,-338.38,0.00,23212.84,"(0, 0, 0)",0,-338.380889892578,23212.84375,9709165,-4514490.5,false
200.00,FP000051,4584.17,0.00,26836.01,"(0, 0, 0)",0,4584.16845703125,26836.0078125,9708242,-4514490.5,false
200.00,FP000005,-338.38,0.00,23212.84,"(0, 0, 0)",0,-338.380889892578,23212.84375,9706341,-4514490.5,false
200.00,FP000038,-338.38,0.00,23212.84,"(0, 0, 0)",0,-338.380889892578,23212.84375,9706078,-4514490.5,false
210.00,FP000074,8648.03,15.24,23528.36,"(8996.438, 15.24, 23238.05)",44,4584.16845703125,26836.0078125,9707237,-4514490.5,false
210.00,FP000065,4584.17,0.00,26836.01,"(0, 0, 0)",0,4584.16845703125,26836.0078125,9707192,-4514490.5,false
210.00,FP000081,4584.17,0.00,26836.01,"(0, 0, 0)",0,4584.16845703125,26836.0078125,9706974,-4514490.5,false
210.00,FP000090,4584.17,0.00,26836.01,"(0, 0, 0)",0,4584.16845703125,26836.0078125,9708070,-4514490.5,false
210.00,FP000033,-338.38,0.00,23212.84,"(0, 0, 0)",0,-338.380889892578,23212.84375,9709165,-4514490.5,false
210.00,FP000051,4584.17,0.00,26836.01,"(0, 0, 0)",0,4584.16845703125,26836.0078125,9708242,-4514490.5,false
210.00,FP000005,-338.38,0.00,23212.84,"(0, 0, 0)",0,-338.380889892578,23212.84375,9706341,-4514490.5,false
210.00,FP000038,-338.38,0.00,23212.84,"(0, 0, 0)",0,-338.380889892578,23212.84375,9706078,-4514490.5,false
210.00,FP000011,-338.38,0.00,23212.84,"(0, 0, 0)",0,-338.380889892578,23212.84375,9706821,-4514490.5,false
220.00,FP000074,8986.06,15.24,23246.70,"(8996.438, 15.24, 23238.05)",44,4584.16845703125,26836.0078125,9707237,-4514490.5,false
220.00,FP000065,4584.17,0.00,26836.01,"(0, 0, 0)",0,4584.16845703125,26836.0078125,9707192,-4514490.5,false
220.00,FP000081,4584.17,0.00,26836.01,"(0, 0, 0)",0,4584.16845703125,26836.0078125,9706974,-4514490.5,false
220.00,FP000090,4584.17,0.00,26836.01,"(0, 0, 0)",0,4584.16845703125,26836.0078125,9708070,-4514490.5,false
220.00,FP000033,-338.38,0.00,23212.84,"(0, 0, 0)",0,-338.380889892578,23212.84375,9709165,-4514490.5,false
220.00,FP000051,4584.17,0.00,26836.01,"(0, 0, 0)",0,4584.16845703125,26836.0078125,9708242,-4514490.5,false
220.00,FP000005,-338.38,0.00,23212.84,"(0, 0, 0)",0,-338.380889892578,23212.84375,9706341,-4514490.5,false
220.00,FP000038,-338.38,0.00,23212.84,"(0, 0, 0)",0,-338.380889892578,23212.84375,9706078,-4514490.5,false
220.00,FP000011,-338.38,0.00,23212.84,"(0, 0, 0)",0,-338.380889892578,23212.84375,9706821,-4514490.5,false
230.00,FP000074,9300.67,15.24,22984.55,"(9446.261, 15.24, 22863.24)",44,4584.16845703125,26836.0078125,9707237,-4514490.5,false
230.00,FP000065,4584.17,0.00,26836.01,"(0, 0, 0)",0,4584.16845703125,26836.0078125,9707192,-4514490.5,false
230.00,FP000081,4584.17,0.00,26836.01,"(0, 0, 0)",0,4584.16845703125,26836.0078125,9706974,-4514490.5,false
230.00,FP000090,4584.17,0.00,26836.01,"(0, 0, 0)",0,4584.16845703125,26836.0078125,9708070,-4514490.5,false
230.00,FP000033,-338.38,0.00,23212.84,"(0, 0, 0)",0,-338.380889892578,23212.84375,9709165,-4514490.5,false
230.00,FP000051,4584.17,0.00,26836.01,"(0, 0, 0)",0,4584.16845703125,26836.0078125,9708242,-4514490.5,false
230.00,FP000005,-338.38,0.00,23212.84,"(0, 0, 0)",0,-338.380889892578,23212.84375,9706341,-4514490.5,false
230.00,FP000038,-338.38,0.00,23212.84,"(0, 0, 0)",0,-338.380889892578,23212.84375,9706078,-4514490.5,false
230.00,FP000011,-338.38,0.00,23212.84,"(0, 0, 0)",0,-338.380889892578,23212.84375,9706821,-4514490.5,false
240.00,FP000074,9615.28,15.24,22722.41,"(9896.083, 15.24, 22488.43)",44,4584.16845703125,26836.0078125,9707237,-4514490.5,false
240.00,FP000065,4584.17,0.00,26836.01,"(0, 0, 0)",0,4584.16845703125,26836.0078125,9707192,-4514490.5,false
240.00,FP000081,4584.17,0.00,26836.01,"(0, 0, 0)",0,4584.16845703125,26836.0078125,9706974,-4514490.5,false
240.00,FP000090,4584.17,0.00,26836.01,"(0, 0, 0)",0,4584.16845703125,26836.0078125,9708070,-4514490.5,false
240.00,FP000033,-338.38,0.00,23212.84,"(0, 0, 0)",0,-338.380889892578,23212.84375,9709165,-4514490.5,false
240.00,FP000051,4584.17,0.00,26836.01,"(0, 0, 0)",0,4584.16845703125,26836.0078125,9708242,-4514490.5,false
240.00,FP000005,-338.38,0.00,23212.84,"(0, 0, 0)",0,-338.380889892578,23212.84375,9706341,-4514490.5,false
240.00,FP000038,-338.38,0.00,23212.84,"(0, 0, 0)",0,-338.380889892578,23212.84375,9706078,-4514490.5,false
240.00,FP000011,-338.38,0.00,23212.84,"(0, 0, 0)",0,-338.380889892578,23212.84375,9706821,-4514490.5,false
240.00,FP000031,-338.38,0.00,23212.84,"(0, 0, 0)",0,-338.380889892578,23212.84375,9707128,-4514490.5,false
250.00,FP000074,9929.89,15.24,22460.27,"(10345.9, 15.24, 22113.63)",44,4584.16845703125,26836.0078125,9707237,-4514490.5,false
250.00,FP000065,4584.17,0.00,26836.01,"(0, 0, 0)",0,4584.16845703125,26836.0078125,9707192,-4514490.5,false
250.00,FP000081,4584.17,0.00,26836.01,"(0, 0, 0)",0,4584.16845703125,26836.0078125,9706974,-4514490.5,false
250.00,FP000090,4584.17,0.00,26836.01,"(0, 0, 0)",0,4584.16845703125,26836.0078125,9708070,-4514490.5,false
250.00,FP000033,-338.38,0.00,23212.84,"(0, 0, 0)",0,-338.380889892578,23212.84375,9709165,-4514490.5,false
250.00,FP000051,4584.17,0.00,26836.01,"(0, 0, 0)",0,4584.16845703125,26836.0078125,9708242,-4514490.5,false
250.00,FP000005,-338.38,0.00,23212.84,"(0, 0, 0)",0,-338.380889892578,23212.84375,9706341,-4514490.5,false
250.00,FP000038,-338.38,0.00,23212.84,"(0, 0, 0)",0,-338.380889892578,23212.84375,9706078,-4514490.5,false
250.00,FP000011,-338.38,0.00,23212.84,"(0, 0, 0)",0,-338.380889892578,23212.84375,9706821,-4514490.5,false
250.00,FP000031,-338.38,0.00,23212.84,"(0, 0, 0)",0,-338.380889892578,23212.84375,9707128,-4514490.5,false
260.00,FP000074,10267.92,15.24,22178.61,"(10345.9, 15.24, 22113.63)",44,4584.16845703125,26836.0078125,9707237,-4514490.5,false
260.00,FP000065,4584.17,0.00,26836.01,"(0, 0, 0)",0,4584.16845703125,26836.0078125,9707192,-4514490.5,false
260.00,FP000081,4584.17,0.00,26836.01,"(0, 0, 0)",0,4584.16845703125,26836.0078125,9706974,-4514490.5,false
260.00,FP000090,4584.17,0.00,26836.01,"(0, 0, 0)",0,4584.16845703125,26836.0078125,9708070,-4514490.5,false
260.00,FP000033,-338.38,0.00,23212.84,"(0, 0, 0)",0,-338.380889892578,23212.84375,9709165,-4514490.5,false
260.00,FP000051,4584.17,0.00,26836.01,"(0, 0, 0)",0,4584.16845703125,26836.0078125,9708242,-4514490.5,false
260.00,FP000005,-338.38,0.00,23212.84,"(0, 0, 0)",0,-338.380889892578,23212.84375,9706341,-4514490.5,false
260.00,FP000038,-338.38,0.00,23212.84,"(0, 0, 0)",0,-338.380889892578,23212.84375,9706078,-4514490.5,false
260.00,FP000011,-338.38,0.00,23212.84,"(0, 0, 0)",0,-338.380889892578,23212.84375,9706821,-4514490.5,false
260.00,FP000031,-338.38,0.00,23212.84,"(0, 0, 0)",0,-338.380889892578,23212.84375,9707128,-4514490.5,false
270.00,FP000074,10582.53,15.24,21916.46,"(10795.73, 15.24, 21738.82)",44,4584.16845703125,26836.0078125,9707237,-4514490.5,false
270.00,FP000065,4701.04,15.24,26817.12,"(4948.042, 15.24, 26611.31)",44,4584.16845703125,26836.0078125,9707192,-4514490.5,false
270.00,FP000081,4584.17,0.00,26836.01,"(0, 0, 0)",0,4584.16845703125,26836.0078125,9706974,-4514490.5,false
270.00,FP000090,4584.17,0.00,26836.01,"(0, 0, 0)",0,4584.16845703125,26836.0078125,9708070,-4514490.5,false
270.00,FP000033,-338.38,0.00,23212.84,"(0, 0, 0)",0,-338.380889892578,23212.84375,9709165,-4514490.5,false
270.00,FP000051,4584.17,0.00,26836.01,"(0, 0, 0)",0,4584.16845703125,26836.0078125,9708242,-4514490.5,false
270.00,FP000005,-338.38,0.00,23212.84,"(0, 0, 0)",0,-338.380889892578,23212.84375,9706341,-4514490.5,false
270.00,FP000038,-338.38,0.00,23212.84,"(0, 0, 0)",0,-338.380889892578,23212.84375,9706078,-4514490.5,false
270.00,FP000011,-338.38,0.00,23212.84,"(0, 0, 0)",0,-338.380889892578,23212.84375,9706821,-4514490.5,false
270.00,FP000031,-338.38,0.00,23212.84,"(0, 0, 0)",0,-338.380889892578,23212.84375,9707128,-4514490.5,false
280.00,FP000074,10897.14,15.24,21654.32,"(11245.55, 15.24, 21364.01)",44,4584.16845703125,26836.0078125,9707237,-4514490.5,false
280.00,FP000065,5015.65,15.24,26554.98,"(5397.863, 15.24, 26236.5)",44,4584.16845703125,26836.0078125,9707192,-4514490.5,false
280.00,FP000081,4584.17,0.00,26836.01,"(0, 0, 0)",0,4584.16845703125,26836.0078125,9706974,-4514490.5,false
280.00,FP000090,4584.17,0.00,26836.01,"(0, 0, 0)",0,4584.16845703125,26836.0078125,9708070,-4514490.5,false
280.00,FP000033,-338.38,0.00,23212.84,"(0, 0, 0)",0,-338.380889892578,23212.84375,9709165,-4514490.5,false
280.00,FP000051,4584.17,0.00,26836.01,"(0, 0, 0)",0,4584.16845703125,26836.0078125,9708242,-4514490.5,false
280.00,FP000005,-338.38,0.00,23212.84,"(0, 0, 0)",0,-338.380889892578,23212.84375,9706341,-4514490.5,false
280.00,FP000038,-338.38,0.00,23212.84,"(0, 0, 0)",0,-338.380889892578,23212.84375,9706078,-4514490.5,false
280.00,FP000011,-338.38,0.00,23212.84,"(0, 0, 0)",0,-338.380889892578,23212.84375,9706821,-4514490.5,false
280.00,FP000031,-338.38,0.00,23212.84,"(0, 0, 0)",0,-338.380889892578,23212.84375,9707128,-4514490.5,false
280.00,FP000056,4584.17,0.00,26836.01,"(0, 0, 0)",0,4584.16845703125,26836.0078125,9707871,-4514490.5,false
290.00,FP000074,11235.17,15.24,21372.66,"(11245.55, 15.24, 21364.01)",44,4584.16845703125,26836.0078125,9707237,-4514490.5,false
290.00,FP000065,5353.68,15.24,26273.32,"(5397.863, 15.24, 26236.5)",44,4584.16845703125,26836.0078125,9707192,-4514490.5,false
290.00,FP000081,4584.17,0.00,26836.01,"(0, 0, 0)",0,4584.16845703125,26836.0078125,9706974,-4514490.5,false
290.00,FP000090,4584.17,0.00,26836.01,"(0, 0, 0)",0,4584.16845703125,26836.0078125,9708070,-4514490.5,false
290.00,FP000033,-338.38,0.00,23212.84,"(0, 0, 0)",0,-338.380889892578,23212.84375,9709165,-4514490.5,false
290.00,FP000051,4584.17,0.00,26836.01,"(0, 0, 0)",0,4584.16845703125,26836.0078125,9708242,-4514490.5,false
290.00,FP000005,-338.38,0.00,23212.84,"(0, 0, 0)",0,-338.380889892578,23212.84375,9706341,-4514490.5,false
290.00,FP000038,-338.38,0.00,23212.84,"(0, 0, 0)",0,-338.380889892578,23212.84375,9706078,-4514490.5,false
290.00,FP000011,-338.38,0.00,23212.84,"(0, 0, 0)",0,-338.380889892578,23212.84375,9706821,-4514490.5,false
290.00,FP000031,-338.38,0.00,23212.84,"(0, 0, 0)",0,-338.380889892578,23212.84375,9707128,-4514490.5,false
290.00,FP000056,4584.17,0.00,26836.01,"(0, 0, 0)",0,4584.16845703125,26836.0078125,9707871,-4514490.5,false
300.00,FP000074,11549.78,15.24,21110.52,"(11695.37, 15.24, 20989.2)",44,4584.16845703125,26836.0078125,9707237,-4514490.5,false
300.00,FP000065,5668.29,15.24,26011.18,"(5847.685, 15.24, 25861.7)",44,4584.16845703125,26836.0078125,9707192,-4514490.5,false
300.00,FP000081,4584.17,0.00,26836.01,"(0, 0, 0)",0,4584.16845703125,26836.0078125,9706974,-4514490.5,false
300.00,FP000090,4584.17,0.00,26836.01,"(0, 0, 0)",0,4584.16845703125,26836.0078125,9708070,-4514490.5,false
300.00,FP000033,-338.38,0.00,23212.84,"(0, 0, 0)",0,-338.380889892578,23212.84375,9709165,-4514490.5,false
300.00,FP000051,4584.17,0.00,26836.01,"(0, 0, 0)",0,4584.16845703125,26836.0078125,9708242,-4514490.5,false
300.00,FP000005,-338.38,0.00,23212.84,"(0, 0, 0)",0,-338.380889892578,23212.84375,9706341,-4514490.5,false
300.00,FP000038,-338.38,0.00,23212.84,"(0, 0, 0)",0,-338.380889892578,23212.84375,9706078,-4514490.5,false
300.00,FP000011,-338.38,0.00,23212.84,"(0, 0, 0)",0,-338.380889892578,23212.84375,9706821,-4514490.5,false
300.00,FP000031,-338.38,0.00,23212.84,"(0, 0, 0)",0,-338.380889892578,23212.84375,9707128,-4514490.5,false
300.00,FP000056,4584.17,0.00,26836.01,"(0, 0, 0)",0,4584.16845703125,26836.0078125,9707871,-4514490.5,false
300.00,FP000096,4584.17,0.00,26836.01,"(0, 0, 0)",0,4584.16845703125,26836.0078125,9709382,-4514490.5,false
310.00,FP000074,11864.39,15.24,20848.37,"(12145.19, 15.24, 20614.4)",44,4584.16845703125,26836.0078125,9707237,-4514490.5,false
310.00,FP000065,5982.90,15.24,25749.03,"(6297.507, 15.24, 25486.89)",44,4584.16845703125,26836.0078125,9707192,-4514490.5,false
310.00,FP000081,4584.17,0.00,26836.01,"(0, 0, 0)",0,4584.16845703125,26836.0078125,9706974,-4514490.5,false
310.00,FP000090,4584.17,0.00,26836.01,"(0, 0, 0)",0,4584.16845703125,26836.0078125,9708070,-4514490.5,false
310.00,FP000033,-338.38,0.00,23212.84,"(0, 0, 0)",0,-338.380889892578,23212.84375,9709165,-4514490.5,false
310.00,FP000051,4584.17,0.00,26836.01,"(0, 0, 0)",0,4584.16845703125,26836.0078125,9708242,-4514490.5,false
310.00,FP000005,-338.38,0.00,23212.84,"(0, 0, 0)",0,-338.380889892578,23212.84375,9706341,-4514490.5,false
310.00,FP000038,-338.38,0.00,23212.84,"(0, 0, 0)",0,-338.380889892578,23212.84375,9706078,-4514490.5,false
310.00,FP000011,-338.38,0.00,23212.84,"(0, 0, 0)",0,-338.380889892578,23212.84375,9706821,-4514490.5,false
310.00,FP000031,-338.38,0.00,23212.84,"(0, 0, 0)",0,-338.380889892578,23212.84375,9707128,-4514490.5,false
310.00,FP000056,4584.17,0.00,26836.01,"(0, 0, 0)",0,4584.16845703125,26836.0078125,9707871,-4514490.5,false
310.00,FP000096,4584.17,0.00,26836.01,"(0, 0, 0)",0,4584.16845703125,26836.0078125,9709382,-4514490.5,false
310.00,FP000007,-338.38,0.00,23212.84,"(0, 0, 0)",0,-338.380889892578,23212.84375,9706187,-4514490.5,false
320.00,FP000074,12179.00,15.24,20586.23,"(12595.01, 15.24, 20239.59)",44,4584.16845703125,26836.0078125,9707237,-4514490.5,false
320.00,FP000065,6297.51,15.24,25486.89,"(6747.329, 15.24, 25112.08)",44,4584.16845703125,26836.0078125,9707192,-4514490.5,false
320.00,FP000081,4584.17,0.00,26836.01,"(0, 0, 0)",0,4584.16845703125,26836.0078125,9706974,-4514490.5,false
320.00,FP000090,4584.17,0.00,26836.01,"(0, 0, 0)",0,4584.16845703125,26836.0078125,9708070,-4514490.5,false
320.00,FP000033,-338.38,0.00,23212.84,"(0, 0, 0)",0,-338.380889892578,23212.84375,9709165,-4514490.5,false
320.00,FP000051,4584.17,0.00,26836.01,"(0, 0, 0)",0,4584.16845703125,26836.0078125,9708242,-4514490.5,false
320.00,FP000005,-338.38,0.00,23212.84,"(0, 0, 0)",0,-338.380889892578,23212.84375,9706341,-4514490.5,false
320.00,FP000038,-338.38,0.00,23212.84,"(0, 0, 0)",0,-338.380889892578,23212.84375,9706078,-4514490.5,false
320.00,FP000011,-338.38,0.00,23212.84,"(0, 0, 0)",0,-338.380889892578,23212.84375,9706821,-4514490.5,false
320.00,FP000031,-338.38,0.00,23212.84,"(0, 0, 0)",0,-338.380889892578,23212.84375,9707128,-4514490.5,false
320.00,FP000056,4584.17,0.00,26836.01,"(0, 0, 0)",0,4584.16845703125,26836.0078125,9707871,-4514490.5,false
320.00,FP000096,4584.17,0.00,26836.01,"(0, 0, 0)",0,4584.16845703125,26836.0078125,9709382,-4514490.5,false
320.00,FP000007,-338.38,0.00,23212.84,"(0, 0, 0)",0,-338.380889892578,23212.84375,9706187,-4514490.5,false
330.00,FP000074,12517.03,15.24,20304.57,"(12595.01, 15.24, 20239.59)",44,4584.16845703125,26836.0078125,9707237,-4514490.5,false
330.00,FP000065,6635.54,15.24,25205.23,"(6747.329, 15.24, 25112.08)",44,4584.16845703125,26836.0078125,9707192,-4514490.5,false
330.00,FP000081,4584.17,0.00,26836.01,"(0, 0, 0)",0,4584.16845703125,26836.0078125,9706974,-4514490.5,false
330.00,FP000090,4584.17,0.00,26836.01,"(0, 0, 0)",0,4584.16845703125,26836.0078125,9708070,-4514490.5,false
330.00,FP000033,-338.38,0.00,23212.84,"(0, 0, 0)",0,-338.380889892578,23212.84375,9709165,-4514490.5,false
330.00,FP000051,4584.17,0.00,26836.01,"(0, 0, 0)",0,4584.16845703125,26836.0078125,9708242,-4514490.5,false
330.00,FP000005,-338.38,0.00,23212.84,"(0, 0, 0)",0,-338.380889892578,23212.84375,9706341,-4514490.5,false
330.00,FP000038,-338.38,0.00,23212.84,"(0, 0, 0)",0,-338.380889892578,23212.84375,9706078,-4514490.5,false
330.00,FP000011,-338.38,0.00,23212.84,"(0, 0, 0)",0,-338.380889892578,23212.84375,9706821,-4514490.5,false
330.00,FP000031,-338.38,0.00,23212.84,"(0, 0, 0)",0,-338.380889892578,23212.84375,9707128,-4514490.5,false
330.00,FP000056,4584.17,0.00,26836.01,"(0, 0, 0)",0,4584.16845703125,26836.0078125,9707871,-4514490.5,false
330.00,FP000096,4584.17,0.00,26836.01,"(0, 0, 0)",0,4584.16845703125,26836.0078125,9709382,-4514490.5,false
330.00,FP000007,-338.38,0.00,23212.84,"(0, 0, 0)",0,-338.380889892578,23212.84375,9706187,-4514490.5,false
340.00,FP000074,12831.64,15.24,20042.43,"(13044.84, 15.24, 19864.78)",44,4584.16845703125,26836.0078125,9707237,-4514490.5,false
340.00,FP000065,6950.15,15.24,24943.09,"(7197.151, 15.24, 24737.28)",44,4584.16845703125,26836.0078125,9707192,-4514490.5,false
340.00,FP000081,4667.24,15.24,26845.29,"(4948.042, 15.24, 26611.31)",44,4584.16845703125,26836.0078125,9706974,-4514490.5,false
340.00,FP000090,4584.17,0.00,26836.01,"(0, 0, 0)",0,4584.16845703125,26836.0078125,9708070,-4514490.5,false
340.00,FP000033,-338.38,0.00,23212.84,"(0, 0, 0)",0,-338.380889892578,23212.84375,9709165,-4514490.5,false
340.00,FP000051,4584.17,0.00,26836.01,"(0, 0, 0)",0,4584.16845703125,26836.0078125,9708242,-4514490.5,false
340.00,FP000005,-338.38,0.00,23212.84,"(0, 0, 0)",0,-338.380889892578,23212.84375,9706341,-4514490.5,false
340.00,FP000038,-338.38,0.00,23212.84,"(0, 0, 0)",0,-338.380889892578,23212.84375,9706078,-4514490.5,false
340.00,FP000011,-338.38,0.00,23212.84,"(0, 0, 0)",0,-338.380889892578,23212.84375,9706821,-4514490.5,false
340.00,FP000031,-338.38,0.00,23212.84,"(0, 0, 0)",0,-338.380889892578,23212.84375,9707128,-4514490.5,false
340.00,FP000056,4584.17,0.00,26836.01,"(0, 0, 0)",0,4584.16845703125,26836.0078125,9707871,-4514490.5,false
340.00,FP000096,4584.17,0.00,26836.01,"(0, 0, 0)",0,4584.16845703125,26836.0078125,9709382,-4514490.5,false
340.00,FP000007,-338.38,0.00,23212.84,"(0, 0, 0)",0,-338.380889892578,23212.84375,9706187,-4514490.5,false
350.00,FP000074,13146.25,15.24,19780.28,"(13494.66, 15.24, 19489.97)",44,4584.16845703125,26836.0078125,9707237,-4514490.5,false
350.00,FP000065,7264.76,15.24,24680.94,"(7646.973, 15.24, 24362.47)",44,4584.16845703125,26836.0078125,9707192,-4514490.5,false
350.00,FP000081,4981.84,15.24,26583.15,"(5397.863, 15.24, 26236.5)",44,4584.16845703125,26836.0078125,9706974,-4514490.5,false
350.00,FP000090,4584.17,0.00,26836.01,"(0, 0, 0)",0,4584.16845703125,26836.0078125,9708070,-4514490.5,false
350.00,FP000033,-338.38,0.00,23212.84,"(0, 0, 0)",0,-338.380889892578,23212.84375,9709165,-4514490.5,false
350.00,FP000051,4584.17,0.00,26836.01,"(0, 0, 0)",0,4584.16845703125,26836.0078125,9708242,-4514490.5,false
350.00,FP000005,-338.38,0.00,23212.84,"(0, 0, 0)",0,-338.380889892578,23212.84375,9706341,-4514490.5,false
350.00,FP000038,-338.38,0.00,23212.84,"(0, 0, 0)",0,-338.380889892578,23212.84375,9706078,-4514490.5,false
350.00,FP000011,-338.38,0.00,23212.84,"(0, 0, 0)",0,-338.380889892578,23212.84375,9706821,-4514490.5,false
350.00,FP000031,-338.38,0.00,23212.84,"(0, 0, 0)",0,-338.380889892578,23212.84375,9707128,-4514490.5,false
350.00,FP000056,4584.17,0.00,26836.01,"(0, 0, 0)",0,4584.16845703125,26836.0078125,9707871,-4514490.5,false
350.00,FP000096,4584.17,0.00,26836.01,"(0, 0, 0)",0,4584.16845703125,26836.0078125,9709382,-4514490.5,false
350.00,FP000007,-338.38,0.00,23212.84,"(0, 0, 0)",0,-338.380889892578,23212.84375,9706187,-4514490.5,false
350.00,FP000080,4584.17,0.00,26836.01,"(0, 0, 0)",0,4584.16845703125,26836.0078125,9707961,-4514490.5,false
360.00,FP000074,13484.28,15.24,19498.62,"(13494.66, 15.24, 19489.97)",44,4584.16845703125,26836.0078125,9707237,-4514490.5,false
360.00,FP000065,7602.79,15.24,24399.28,"(7646.973, 15.24, 24362.47)",44,4584.16845703125,26836.0078125,9707192,-4514490.5,false
360.00,FP000081,5319.88,15.24,26301.49,"(5397.863, 15.24, 26236.5)",44,4584.16845703125,26836.0078125,9706974,-4514490.5,false
360.00,FP000090,4584.17,0.00,26836.01,"(0, 0, 0)",0,4584.16845703125,26836.0078125,9708070,-4514490.5,false
360.00,FP000033,-338.38,0.00,23212.84,"(0, 0, 0)",0,-338.380889892578,23212.84375,9709165,-4514490.5,false
360.00,FP000051,4584.17,0.00,26836.01,"(0, 0, 0)",0,4584.16845703125,26836.0078125,9708242,-4514490.5,false
360.00,FP000005,-338.38,0.00,23212.84,"(0, 0, 0)",0,-338.380889892578,23212.84375,9706341,-4514490.5,false
360.00,FP000038,-338.38,0.00,23212.84,"(0, 0, 0)",0,-338.380889892578,23212.84375,9706078,-4514490.5,false
360.00,FP000011,-338.38,0.00,23212.84,"(0, 0, 0)",0,-338.380889892578,23212.84375,9706821,-4514490.5,false
360.00,FP000031,-338.38,0.00,23212.84,"(0, 0, 0)",0,-338.380889892578,23212.84375,9707128,-4514490.5,false
360.00,FP000056,4584.17,0.00,26836.01,"(0, 0, 0)",0,4584.16845703125,26836.0078125,9707871,-4514490.5,false
360.00,FP000096,4584.17,0.00,26836.01,"(0, 0, 0)",0,4584.16845703125,26836.0078125,9709382,-4514490.5,false
360.00,FP000007,-338.38,0.00,23212.84,"(0, 0, 0)",0,-338.380889892578,23212.84375,9706187,-4514490.5,false
360.00,FP000080,4584.17,0.00,26836.01,"(0, 0, 0)",0,4584.16845703125,26836.0078125,9707961,-4514490.5,false
360.00,FP000071,4584.17,0.00,26836.01,"(0, 0, 0)",0,4584.16845703125,26836.0078125,9708178,-4514490.5,false
370.00,FP000074,13798.89,15.24,19236.48,"(13944.48, 15.24, 19115.17)",44,4584.16845703125,26836.0078125,9707237,-4514490.5,false
370.00,FP000065,7917.40,15.24,24137.14,"(8096.795, 15.24, 23987.66)",44,4584.16845703125,26836.0078125,9707192,-4514490.5,false
370.00,FP000081,5634.49,15.24,26039.34,"(5847.685, 15.24, 25861.7)",44,4584.16845703125,26836.0078125,9706974,-4514490.5,false
370.00,FP000090,4584.17,0.00,26836.01,"(0, 0, 0)",0,4584.16845703125,26836.0078125,9708070,-4514490.5,false
370.00,FP000033,-338.38,0.00,23212.84,"(0, 0, 0)",0,-338.380889892578,23212.84375,9709165,-4514490.5,false
370.00,FP000051,4584.17,0.00,26836.01,"(0, 0, 0)",0,4584.16845703125,26836.0078125,9708242,-4514490.5,false
370.00,FP000005,-338.38,0.00,23212.84,"(0, 0, 0)",0,-338.380889892578,23212.84375,9706341,-4514490.5,false
370.00,FP000038,-338.38,0.00,23212.84,"(0, 0, 0)",0,-338.380889892578,23212.84375,9706078,-4514490.5,false
370.00,FP000011,-338.38,0.00,23212.84,"(0, 0, 0)",0,-338.380889892578,23212.84375,9706821,-4514490.5,false
370.00,FP000031,-338.38,0.00,23212.84,"(0, 0, 0)",0,-338.380889892578,23212.84375,9707128,-4514490.5,false
370.00,FP000056,4584.17,0.00,26836.01,"(0, 0, 0)",0,4584.16845703125,26836.0078125,9707871,-4514490.5,false
370.00,FP000096,4584.17,0.00,26836.01,"(0, 0, 0)",0,4584.16845703125,26836.0078125,9709382,-4514490.5,false
370.00,FP000007,-338.38,0.00,23212.84,"(0, 0, 0)",0,-338.380889892578,23212.84375,9706187,-4514490.5,false
370.00,FP000080,4584.17,0.00,26836.01,"(0, 0, 0)",0,4584.16845703125,26836.0078125,9707961,-4514490.5,false
370.00,FP000071,4584.17,0.00,26836.01,"(0, 0, 0)",0,4584.16845703125,26836.0078125,9708178,-4514490.5,false
380.00,FP000074,14113.50,15.24,18974.34,"(14394.3, 15.24, 18740.36)",44,4584.16845703125,26836.0078125,9707237,-4514490.5,false
380.00,FP000065,8232.01,15.24,23875.00,"(8546.617, 15.24, 23612.85)",44,4584.16845703125,26836.0078125,9707192,-4514490.5,false
380.00,FP000081,5949.09,15.24,25777.20,"(6297.507, 15.24, 25486.89)",44,4584.16845703125,26836.0078125,9706974,-4514490.5,false
380.00,FP000090,4584.17,0.00,26836.01,"(0, 0, 0)",0,4584.16845703125,26836.0078125,9708070,-4514490.5,false
380.00,FP000033,-338.38,0.00,23212.84,"(0, 0, 0)",0,-338.380889892578,23212.84375,9709165,-4514490.5,false
380.00,FP000051,4584.17,0.00,26836.01,"(0, 0, 0)",0,4584.16845703125,26836.0078125,9708242,-4514490.5,false
380.00,FP000005,-338.38,0.00,23212.84,"(0, 0, 0)",0,-338.380889892578,23212.84375,9706341,-4514490.5,false
380.00,FP000038,-338.38,0.00,23212.84,"(0, 0, 0)",0,-338.380889892578,23212.84375,9706078,-4514490.5,false
380.00,FP000011,-338.38,0.00,23212.84,"(0, 0, 0)",0,-338.380889892578,23212.84375,9706821,-4514490.5,false
380.00,FP000031,-338.38,0.00,23212.84,"(0, 0, 0)",0,-338.380889892578,23212.84375,9707128,-4514490.5,false
380.00,FP000056,4584.17,0.00,26836.01,"(0, 0, 0)",0,4584.16845703125,26836.0078125,9707871,-4514490.5,false
380.00,FP000096,4584.17,0.00,26836.01,"(0, 0, 0)",0,4584.16845703125,26836.0078125,9709382,-4514490.5,false
380.00,FP000007,-338.38,0.00,23212.84,"(0, 0, 0)",0,-338.380889892578,23212.84375,9706187,-4514490.5,false
380.00,FP000080,4584.17,0.00,26836.01,"(0, 0, 0)",0,4584.16845703125,26836.0078125,9707961,-4514490.5,false
380.00,FP000071,4584.17,0.00,26836.01,"(0, 0, 0)",0,4584.16845703125,26836.0078125,9708178,-4514490.5,false
390.00,FP000074,14428.11,15.24,18712.20,"(14844.12, 15.24, 18365.55)",44,4584.16845703125,26836.0078125,9707237,-4514490.5,false
390.00,FP000065,8546.62,15.24,23612.85,"(8996.438, 15.24, 23238.05)",44,4584.16845703125,26836.0078125,9707192,-4514490.5,false
390.00,FP000081,6287.13,15.24,25495.54,"(6297.507, 15.24, 25486.89)",44,4584.16845703125,26836.0078125,9706974,-4514490.5,false
390.00,FP000090,4584.17,0.00,26836.01,"(0, 0, 0)",0,4584.16845703125,26836.0078125,9708070,-4514490.5,false
390.00,FP000033,-338.38,0.00,23212.84,"(0, 0, 0)",0,-338.380889892578,23212.84375,9709165,-4514490.5,false
390.00,FP000051,4584.17,0.00,26836.01,"(0, 0, 0)",0,4584.16845703125,26836.0078125,9708242,-4514490.5,false
390.00,FP000005,-338.38,0.00,23212.84,"(0, 0, 0)",0,-338.380889892578,23212.84375,9706341,-4514490.5,false
390.00,FP000038,-338.38,0.00,23212.84,"(0, 0, 0)",0,-338.380889892578,23212.84375,9706078,-4514490.5,false
390.00,FP000011,-338.38,0.00,23212.84,"(0, 0, 0)",0,-338.380889892578,23212.84375,9706821,-4514490.5,false
390.00,FP000031,-338.38,0.00,23212.84,"(0, 0, 0)",0,-338.380889892578,23212.84375,9707128,-4514490.5,false
390.00,FP000056,4584.17,0.00,26836.01,"(0, 0, 0)",0,4584.16845703125,26836.0078125,9707871,-4514490.5,false
390.00,FP000096,4584.17,0.00,26836.01,"(0, 0, 0)",0,4584.16845703125,26836.0078125,9709382,-4514490.5,false
390.00,FP000007,-338.38,0.00,23212.84,"(0, 0, 0)",0,-338.380889892578,23212.84375,9706187,-4514490.5,false
390.00,FP000080,4584.17,0.00,26836.01,"(0, 0, 0)",0,4584.16845703125,26836.0078125,9707961,-4514490.5,false
390.00,FP000071,4584.17,0.00,26836.01,"(0, 0, 0)",0,4584.16845703125,26836.0078125,9708178,-4514490.5,false
400.00,FP000074,14766.14,15.24,18430.54,"(14844.12, 15.24, 18365.55)",44,4584.16845703125,26836.0078125,9707237,-4514490.5,false
400.00,FP000065,8884.65,15.24,23331.19,"(8996.438, 15.24, 23238.05)",44,4584.16845703125,26836.0078125,9707192,-4514490.5,false
400.00,FP000081,6601.74,15.24,25233.40,"(6747.329, 15.24, 25112.08)",44,4584.16845703125,26836.0078125,9706974,-4514490.5,false
400.00,FP000090,4584.17,0.00,26836.01,"(0, 0, 0)",0,4584.16845703125,26836.0078125,9708070,-4514490.5,false
400.00,FP000033,-338.38,0.00,23212.84,"(0, 0, 0)",0,-338.380889892578,23212.84375,9709165,-4514490.5,false
400.00,FP000051,4584.17,0.00,26836.01,"(0, 0, 0)",0,4584.16845703125,26836.0078125,9708242,-4514490.5,false
400.00,FP000005,-338.38,0.00,23212.84,"(0, 0, 0)",0,-338.380889892578,23212.84375,9706341,-4514490.5,false
400.00,FP000038,-338.38,0.00,23212.84,"(0, 0, 0)",0,-338.380889892578,23212.84375,9706078,-4514490.5,false
400.00,FP000011,-338.38,0.00,23212.84,"(0, 0, 0)",0,-338.380889892578,23212.84375,9706821,-4514490.5,false
400.00,FP000031,-338.38,0.00,23212.84,"(0, 0, 0)",0,-338.380889892578,23212.84375,9707128,-4514490.5,false
400.00,FP000056,4584.17,0.00,26836.01,"(0, 0, 0)",0,4584.16845703125,26836.0078125,9707871,-4514490.5,false
400.00,FP000096,4584.17,0.00,26836.01,"(0, 0, 0)",0,4584.16845703125,26836.0078125,9709382,-4514490.5,false
400.00,FP000007,-338.38,0.00,23212.84,"(0, 0, 0)",0,-338.380889892578,23212.84375,9706187,-4514490.5,false
400.00,FP000080,4584.17,0.00,26836.01,"(0, 0, 0)",0,4584.16845703125,26836.0078125,9707961,-4514490.5,false
400.00,FP000071,4584.17,0.00,26836.01,"(0, 0, 0)",0,4584.16845703125,26836.0078125,9708178,-4514490.5,false
410.00,FP000074,15080.75,15.24,18168.39,"(15293.95, 15.24, 17990.75)",44,4584.16845703125,26836.0078125,9707237,-4514490.5,false
410.00,FP000065,9199.26,15.24,23069.05,"(9446.261, 15.24, 22863.24)",44,4584.16845703125,26836.0078125,9707192,-4514490.5,false
410.00,FP000081,6916.35,15.24,24971.25,"(7197.151, 15.24, 24737.28)",44,4584.16845703125,26836.0078125,9706974,-4514490.5,false
410.00,FP000090,4584.17,0.00,26836.01,"(0, 0, 0)",0,4584.16845703125,26836.0078125,9708070,-4514490.5,false
410.00,FP000033,-338.38,0.00,23212.84,"(0, 0, 0)",0,-338.380889892578,23212.84375,9709165,-4514490.5,false
410.00,FP000051,4584.17,0.00,26836.01,"(0, 0, 0)",0,4584.16845703125,26836.0078125,9708242,-4514490.5,false
410.00,FP000005,-338.38,0.00,23212.84,"(0, 0, 0)",0,-338.380889892578,23212.84375,9706341,-4514490.5,false
410.00,FP000038,-338.38,0.00,23212.84,"(0, 0, 0)",0,-338.380889892578,23212.84375,9706078,-4514490.5,false
410.00,FP000011,-338.38,0.00,23212.84,"(0, 0, 0)",0,-338.380889892578,23212.84375,9706821,-4514490.5,false
410.00,FP000031,-338.38,0.00,23212.84,"(0, 0, 0)",0,-338.380889892578,23212.84375,9707128,-4514490.5,false
410.00,FP000056,4584.17,0.00,26836.01,"(0, 0, 0)",0,4584.16845703125,26836.0078125,9707871,-4514490.5,false
410.00,FP000096,4584.17,0.00,26836.01,"(0, 0, 0)",0,4584.16845703125,26836.0078125,9709382,-4514490.5,false
410.00,FP000007,-338.38,0.00,23212.84,"(0, 0, 0)",0,-338.380889892578,23212.84375,9706187,-4514490.5,false
410.00,FP000080,4584.17,0.00,26836.01,"(0, 0, 0)",0,4584.16845703125,26836.0078125,9707961,-4514490.5,false
410.00,FP000071,4584.17,0.00,26836.01,"(0, 0, 0)",0,4584.16845703125,26836.0078125,9708178,-4514490.5,false
420.00,FP000074,15395.36,15.24,17906.25,"(15743.77, 15.24, 17615.94)",44,4584.16845703125,26836.0078125,9707237,-4514490.5,false
420.00,FP000065,9513.87,15.24,22806.91,"(9896.083, 15.24, 22488.43)",44,4584.16845703125,26836.0078125,9707192,-4514490.5,false
420.00,FP000081,7230.95,15.24,24709.11,"(7646.973, 15.24, 24362.47)",44,4584.16845703125,26836.0078125,9706974,-4514490.5,false
420.00,FP000090,4584.17,0.00,26836.01,"(0, 0, 0)",0,4584.16845703125,26836.0078125,9708070,-4514490.5,false
420.00,FP000033,-338.38,0.00,23212.84,"(0, 0, 0)",0,-338.380889892578,23212.84375,9709165,-4514490.5,false
420.00,FP000051,4584.17,0.00,26836.01,"(0, 0, 0)",0,4584.16845703125,26836.0078125,9708242,-4514490.5,false
420.00,FP000005,-338.38,0.00,23212.84,"(0, 0, 0)",0,-338.380889892578,23212.84375,9706341,-4514490.5,false
420.00,FP000038,-338.38,0.00,23212.84,"(0, 0, 0)",0,-338.380889892578,23212.84375,9706078,-4514490.5,false
420.00,FP000011,-338.38,0.00,23212.84,"(0, 0, 0)",0,-338.380889892578,23212.84375,9706821,-4514490.5,false
420.00,FP000031,-338.38,0.00,23212.84,"(0, 0, 0)",0,-338.380889892578,23212.84375,9707128,-4514490.5,false
420.00,FP000056,4584.17,0.00,26836.01,"(0, 0, 0)",0,4584.16845703125,26836.0078125,9707871,-4514490.5,false
420.00,FP000096,4584.17,0.00,26836.01,"(0, 0, 0)",0,4584.16845703125,26836.0078125,9709382,-4514490.5,false
420.00,FP000007,-338.38,0.00,23212.84,"(0, 0, 0)",0,-338.380889892578,23212.84375,9706187,-4514490.5,false
420.00,FP000080,4584.17,0.00,26836.01,"(0, 0, 0)",0,4584.16845703125,26836.0078125,9707961,-4514490.5,false
420.00,FP000071,4584.17,0.00,26836.01,"(0, 0, 0)",0,4584.16845703125,26836.0078125,9708178,-4514490.5,false
430.00,FP000074,15733.39,15.24,17624.59,"(15743.77, 15.24, 17615.94)",44,4584.16845703125,26836.0078125,9707237,-4514490.5,false
430.00,FP000065,9851.90,15.24,22525.25,"(9896.083, 15.24, 22488.43)",44,4584.16845703125,26836.0078125,9707192,-4514490.5,false
430.00,FP000081,7568.99,15.24,24427.45,"(7646.973, 15.24, 24362.47)",44,4584.16845703125,26836.0078125,9706974,-4514490.5,false
430.00,FP000090,4584.17,0.00,26836.01,"(0, 0, 0)",0,4584.16845703125,26836.0078125,9708070,-4514490.5,false
430.00,FP000033,-338.38,0.00,23212.84,"(0, 0, 0)",0,-338.380889892578,23212.84375,9709165,-4514490.5,false
430.00,FP000051,4584.17,0.00,26836.01,"(0, 0, 0)",0,4584.16845703125,26836.0078125,9708242,-4514490.5,false
430.00,FP000005,-338.38,0.00,23212.84,"(0, 0, 0)",0,-338.380889892578,23212.84375,9706341,-4514490.5,false
430.00,FP000038,-338.38,0.00,23212.84,"(0, 0, 0)",0,-338.380889892578,23212.84375,9706078,-4514490.5,false
430.00,FP000011,-338.38,0.00,23212.84,"(0, 0, 0)",0,-338.380889892578,23212.84375,9706821,-4514490.5,false
430.00,FP000031,-338.38,0.00,23212.84,"(0, 0, 0)",0,-338.380889892578,23212.84375,9707128,-4514490.5,false
430.00,FP000056,4584.17,0.00,26836.01,"(0, 0, 0)",0,4584.16845703125,26836.0078125,9707871,-4514490.5,false
430.00,FP000096,4584.17,0.00,26836.01,"(0, 0, 0)",0,4584.16845703125,26836.0078125,9709382,-4514490.5,false
430.00,FP000007,-338.38,0.00,23212.84,"(0, 0, 0)",0,-338.380889892578,23212.84375,9706187,-4514490.5,false
430.00,FP000080,4584.17,0.00,26836.01,"(0, 0, 0)",0,4584.16845703125,26836.0078125,9707961,-4514490.5,false
430.00,FP000071,4584.17,0.00,26836.01,"(0, 0, 0)",0,4584.16845703125,26836.0078125,9708178,-4514490.5,false
440.00,FP000074,16048.00,15.24,17362.45,"(16193.59, 15.24, 17241.13)",44,4584.16845703125,26836.0078125,9707237,-4514490.5,false
440.00,FP000065,10166.51,15.24,22263.10,"(10345.9, 15.24, 22113.63)",44,4584.16845703125,26836.0078125,9707192,-4514490.5,false
440.00,FP000081,7883.60,15.24,24165.31,"(8096.795, 15.24, 23987.66)",44,4584.16845703125,26836.0078125,9706974,-4514490.5,false
440.00,FP000090,4584.17,0.00,26836.01,"(0, 0, 0)",0,4584.16845703125,26836.0078125,9708070,-4514490.5,false
440.00,FP000033,-338.38,0.00,23212.84,"(0, 0, 0)",0,-338.380889892578,23212.84375,9709165,-4514490.5,false
440.00,FP000051,4584.17,0.00,26836.01,"(0, 0, 0)",0,4584.16845703125,26836.0078125,9708242,-4514490.5,false
440.00,FP000005,-338.38,0.00,23212.84,"(0, 0, 0)",0,-338.380889892578,23212.84375,9706341,-4514490.5,false
440.00,FP000038,-338.38,0.00,23212.84,"(0, 0, 0)",0,-338.380889892578,23212.84375,9706078,-4514490.5,false
440.00,FP000011,-338.38,0.00,23212.84,"(0, 0, 0)",0,-338.380889892578,23212.84375,9706821,-4514490.5,false
440.00,FP000031,-338.38,0.00,23212.84,"(0, 0, 0)",0,-338.380889892578,23212.84375,9707128,-4514490.5,false
440.00,FP000056,4584.17,0.00,26836.01,"(0, 0, 0)",0,4584.16845703125,26836.0078125,9707871,-4514490.5,false
440.00,FP000096,4584.17,0.00,26836.01,"(0, 0, 0)",0,4584.16845703125,26836.0078125,9709382,-4514490.5,false
440.00,FP000007,-338.38,0.00,23212.84,"(0, 0, 0)",0,-338.380889892578,23212.84375,9706187,-4514490.5,false
440.00,FP000080,4584.17,0.00,26836.01,"(0, 0, 0)",0,4584.16845703125,26836.0078125,9707961,-4514490.5,false
440.00,FP000071,4584.17,0.00,26836.01,"(0, 0, 0)",0,4584.16845703125,26836.0078125,9708178,-4514490.5,false
450.00,FP000074,16362.61,15.24,17100.30,"(16643.41, 15.24, 16866.32)",44,4584.16845703125,26836.0078125,9707237,-4514490.5,false
450.00,FP000065,10481.12,15.24,22000.96,"(10795.73, 15.24, 21738.82)",44,4584.16845703125,26836.0078125,9707192,-4514490.5,false
450.00,FP000081,8198.21,15.24,23903.16,"(8546.617, 15.24, 23612.85)",44,4584.16845703125,26836.0078125,9706974,-4514490.5,false
450.00,FP000090,4584.17,0.00,26836.01,"(0, 0, 0)",0,4584.16845703125,26836.0078125,9708070,-4514490.5,false
450.00,FP000033,-338.38,0.00,23212.84,"(0, 0, 0)",0,-338.380889892578,23212.84375,9709165,-4514490.5,false
450.00,FP000051,4584.17,0.00,26836.01,"(0, 0, 0)",0,4584.16845703125,26836.0078125,9708242,-4514490.5,false
450.00,FP000005,-338.38,0.00,23212.84,"(0, 0, 0)",0,-338.380889892578,23212.84375,9706341,-4514490.5,false
450.00,FP000038,-338.38,0.00,23212.84,"(0, 0, 0)",0,-338.380889892578,23212.84375,9706078,-4514490.5,false
450.00,FP000011,-338.38,0.00,23212.84,"(0, 0, 0)",0,-338.380889892578,23212.84375,9706821,-4514490.5,false
450.00,FP000031,-338.38,0.00,23212.84,"(0, 0, 0)",0,-338.380889892578,23212.84375,9707128,-4514490.5,false
450.00,FP000056,4584.17,0.00,26836.01,"(0, 0, 0)",0,4584.16845703125,26836.0078125,9707871,-4514490.5,false
450.00,FP000096,4584.17,0.00,26836.01,"(0, 0, 0)",0,4584.16845703125,26836.0078125,9709382,-4514490.5,false
450.00,FP000007,-338.38,0.00,23212.84,"(0, 0, 0)",0,-338.380889892578,23212.84375,9706187,-4514490.5,false
450.00,FP000080,4584.17,0.00,26836.01,"(0, 0, 0)",0,4584.16845703125,26836.0078125,9707961,-4514490.5,false
450.00,FP000071,4584.17,0.00,26836.01,"(0, 0, 0)",0,4584.16845703125,26836.0078125,9708178,-4514490.5,false
460.00,FP000074,16677.21,15.24,16838.16,"(17093.23, 15.24, 16491.52)",44,4584.16845703125,26836.0078125,9707237,-4514490.5,false
460.00,FP000065,10795.73,15.24,21738.82,"(11245.55, 15.24, 21364.01)",44,4584.16845703125,26836.0078125,9707192,-4514490.5,false
460.00,FP000081,8536.24,15.24,23621.50,"(8546.617, 15.24, 23612.85)",44,4584.16845703125,26836.0078125,9706974,-4514490.5,false
460.00,FP000090,4584.17,0.00,26836.01,"(0, 0, 0)",0,4584.16845703125,26836.0078125,9708070,-4514490.5,false
460.00,FP000033,-338.38,0.00,23212.84,"(0, 0, 0)",0,-338.380889892578,23212.84375,9709165,-4514490.5,false
460.00,FP000051,4584.17,0.00,26836.01,"(0, 0, 0)",0,4584.16845703125,26836.0078125,9708242,-4514490.5,false
460.00,FP000005,-338.38,0.00,23212.84,"(0, 0, 0)",0,-338.380889892578,23212.84375,9706341,-4514490.5,false
460.00,FP000038,-338.38,0.00,23212.84,"(0, 0, 0)",0,-338.380889892578,23212.84375,9706078,-4514490.5,false
460.00,FP000011,-338.38,0.00,23212.84,"(0, 0, 0)",0,-338.380889892578,23212.84375,9706821,-4514490.5,false
460.00,FP000031,-338.38,0.00,23212.84,"(0, 0, 0)",0,-338.380889892578,23212.84375,9707128,-4514490.5,false
460.00,FP000056,4584.17,0.00,26836.01,"(0, 0, 0)",0,4584.16845703125,26836.0078125,9707871,-4514490.5,false
460.00,FP000096,4584.17,0.00,26836.01,"(0, 0, 0)",0,4584.16845703125,26836.0078125,9709382,-4514490.5,false
460.00,FP000007,-338.38,0.00,23212.84,"(0, 0, 0)",0,-338.380889892578,23212.84375,9706187,-4514490.5,false
460.00,FP000080,4584.17,0.00,26836.01,"(0, 0, 0)",0,4584.16845703125,26836.0078125,9707961,-4514490.5,false
460.00,FP000071,4584.17,0.00,26836.01,"(0, 0, 0)",0,4584.16845703125,26836.0078125,9708178,-4514490.5,false
470.00,FP000074,17015.25,15.24,16556.50,"(17093.23, 15.24, 16491.52)",44,4584.16845703125,26836.0078125,9707237,-4514490.5,false
470.00,FP000065,11133.76,15.24,21457.16,"(11245.55, 15.24, 21364.01)",44,4584.16845703125,26836.0078125,9707192,-4514490.5,false
470.00,FP000081,8850.85,15.24,23359.36,"(8996.438, 15.24, 23238.05)",44,4584.16845703125,26836.0078125,9706974,-4514490.5,false
470.00,FP000090,4584.17,0.00,26836.01,"(0, 0, 0)",0,4584.16845703125,26836.0078125,9708070,-4514490.5,false
470.00,FP000033,-338.38,0.00,23212.84,"(0, 0, 0)",0,-338.380889892578,23212.84375,9709165,-4514490.5,false
470.00,FP000051,4584.17,0.00,26836.01,"(0, 0, 0)",0,4584.16845703125,26836.0078125,9708242,-4514490.5,false
470.00,FP000005,-338.38,0.00,23212.84,"(0, 0, 0)",0,-338.380889892578,23212.84375,9706341,-4514490.5,false
470.00,FP000038,-338.38,0.00,23212.84,"(0, 0, 0)",0,-338.380889892578,23212.84375,9706078,-4514490.5,false
470.00,FP000011,-338.38,0.00,23212.84,"(0, 0, 0)",0,-338.380889892578,23212.84375,9706821,-4514490.5,false
470.00,FP000031,-338.38,0.00,23212.84,"(0, 0, 0)",0,-338.380889892578,23212.84375,9707128,-4514490.5,false
470.00,FP000056,4584.17,0.00,26836.01,"(0, 0, 0)",0,4584.16845703125,26836.0078125,9707871,-4514490.5,false
470.00,FP000096,4584.17,0.00,26836.01,"(0, 0, 0)",0,4584.16845703125,26836.0078125,9709382,-4514490.5,false
470.00,FP000007,-338.38,0.00,23212.84,"(0, 0, 0)",0,-338.380889892578,23212.84375,9706187,-4514490.5,false
470.00,FP000080,4584.17,0.00,26836.01,"(0, 0, 0)",0,4584.16845703125,26836.0078125,9707961,-4514490.5,false
470.00,FP000071,4584.17,0.00,26836.01,"(0, 0, 0)",0,4584.16845703125,26836.0078125,9708178,-4514490.5,false
480.00,FP000074,17329.85,15.24,16294.36,"(17543.06, 15.24, 16116.71)",44,4584.16845703125,26836.0078125,9707237,-4514490.5,false
480.00,FP000065,11448.37,15.24,21195.02,"(11695.37, 15.24, 20989.2)",44,4584.16845703125,26836.0078125,9707192,-4514490.5,false
480.00,FP000081,9165.46,15.24,23097.22,"(9446.261, 15.24, 22863.24)",44,4584.16845703125,26836.0078125,9706974,-4514490.5,false
480.00,FP000090,4584.17,0.00,26836.01,"(0, 0, 0)",0,4584.16845703125,26836.0078125,9708070,-4514490.5,false
480.00,FP000033,-338.38,0.00,23212.84,"(0, 0, 0)",0,-338.380889892578,23212.84375,9709165,-4514490.5,false
480.00,FP000051,4584.17,0.00,26836.01,"(0, 0, 0)",0,4584.16845703125,26836.0078125,9708242,-4514490.5,false
480.00,FP000005,-338.38,0.00,23212.84,"(0, 0, 0)",0,-338.380889892578,23212.84375,9706341,-4514490.5,false
480.00,FP000038,-338.38,0.00,23212.84,"(0, 0, 0)",0,-338.380889892578,23212.84375,9706078,-4514490.5,false
480.00,FP000011,-338.38,0.00,23212.84,"(0, 0, 0)",0,-338.380889892578,23212.84375,9706821,-4514490.5,false
480.00,FP000031,-338.38,0.00,23212.84,"(0, 0, 0)",0,-338.380889892578,23212.84375,9707128,-4514490.5,false
480.00,FP000056,4584.17,0.00,26836.01,"(0, 0, 0)",0,4584.16845703125,26836.0078125,9707871,-4514490.5,false
480.00,FP000096,4584.17,0.00,26836.01,"(0, 0, 0)",0,4584.16845703125,26836.0078125,9709382,-4514490.5,false
480.00,FP000007,-338.38,0.00,23212.84,"(0, 0, 0)",0,-338.380889892578,23212.84375,9706187,-4514490.5,false
480.00,FP000080,4584.17,0.00,26836.01,"(0, 0, 0)",0,4584.16845703125,26836.0078125,9707961,-4514490.5,false
480.00,FP000071,4584.17,0.00,26836.01,"(0, 0, 0)",0,4584.16845703125,26836.0078125,9708178,-4514490.5,false
490.00,FP000074,17644.46,15.24,16032.21,"(17992.88, 15.24, 15741.9)",44,4584.16845703125,26836.0078125,9707237,-4514490.5,false
490.00,FP000065,11762.98,15.24,20932.87,"(12145.19, 15.24, 20614.4)",44,4584.16845703125,26836.0078125,9707192,-4514490.5,false
490.00,FP000081,9480.06,15.24,22835.07,"(9896.083, 15.24, 22488.43)",44,4584.16845703125,26836.0078125,9706974,-4514490.5,false
490.00,FP000090,4584.17,0.00,26836.01,"(0, 0, 0)",0,4584.16845703125,26836.0078125,9708070,-4514490.5,false
490.00,FP000033,-338.38,0.00,23212.84,"(0, 0, 0)",0,-338.380889892578,23212.84375,9709165,-4514490.5,false
490.00,FP000051,4584.17,0.00,26836.01,"(0, 0, 0)",0,4584.16845703125,26836.0078125,9708242,-4514490.5,false
490.00,FP000005,-338.38,0.00,23212.84,"(0, 0, 0)",0,-338.380889892578,23212.84375,9706341,-4514490.5,false
490.00,FP000038,-338.38,0.00,23212.84,"(0, 0, 0)",0,-338.380889892578,23212.84375,9706078,-4514490.5,false
490.00,FP000011,-338.38,0.00,23212.84,"(0, 0, 0)",0,-338.380889892578,23212.84375,9706821,-4514490.5,false
490.00,FP000031,-338.38,0.00,23212.84,"(0, 0, 0)",0,-338.380889892578,23212.84375,9707128,-4514490.5,false
490.00,FP000056,4584.17,0.00,26836.01,"(0, 0, 0)",0,4584.16845703125,26836.0078125,9707871,-4514490.5,false
490.00,FP000096,4584.17,0.00,26836.01,"(0, 0, 0)",0,4584.16845703125,26836.0078125,9709382,-4514490.5,false
490.00,FP000007,-338.38,0.00,23212.84,"(0, 0, 0)",0,-338.380889892578,23212.84375,9706187,-4514490.5,false
490.00,FP000080,4584.17,0.00,26836.01,"(0, 0, 0)",0,4584.16845703125,26836.0078125,9707961,-4514490.5,false
490.00,FP000071,4584.17,0.00,26836.01,"(0, 0, 0)",0,4584.16845703125,26836.0078125,9708178,-4514490.5,false
500.00,FP000074,17982.50,15.24,15750.55,"(17992.88, 15.24, 15741.9)",44,4584.16845703125,26836.0078125,9707237,-4514490.5,false
500.00,FP000065,12101.01,15.24,20651.21,"(12145.19, 15.24, 20614.4)",44,4584.16845703125,26836.0078125,9707192,-4514490.5,false
500.00,FP000081,9818.10,15.24,22553.41,"(9896.083, 15.24, 22488.43)",44,4584.16845703125,26836.0078125,9706974,-4514490.5,false
500.00,FP000090,4584.17,0.00,26836.01,"(0, 0, 0)",0,4584.16845703125,26836.0078125,9708070,-4514490.5,false
500.00,FP000033,-338.38,0.00,23212.84,"(0, 0, 0)",0,-338.380889892578,23212.84375,9709165,-4514490.5,false
500.00,FP000051,4584.17,0.00,26836.01,"(0, 0, 0)",0,4584.16845703125,26836.0078125,9708242,-4514490.5,false
500.00,FP000005,-338.38,0.00,23212.84,"(0, 0, 0)",0,-338.380889892578,23212.84375,9706341,-4514490.5,false
500.00,FP000038,-338.38,0.00,23212.84,"(0, 0, 0)",0,-338.380889892578,23212.84375,9706078,-4514490.5,false
500.00,FP000011,-338.38,0.00,23212.84,"(0, 0, 0)",0,-338.380889892578,23212.84375,9706821,-4514490.5,false
500.00,FP000031,-338.38,0.00,23212.84,"(0, 0, 0)",0,-338.380889892578,23212.84375,9707128,-4514490.5,false
500.00,FP000056,4584.17,0.00,26836.01,"(0, 0, 0)",0,4584.16845703125,26836.0078125,9707871,-4514490.5,false
500.00,FP000096,4584.17,0.00,26836.01,"(0, 0, 0)",0,4584.16845703125,26836.0078125,9709382,-4514490.5,false
500.00,FP000007,-338.38,0.00,23212.84,"(0, 0, 0)",0,-338.380889892578,23212.84375,9706187,-4514490.5,false
500.00,FP000080,4584.17,0.00,26836.01,"(0, 0, 0)",0,4584.16845703125,26836.0078125,9707961,-4514490.5,false
500.00,FP000071,4584.17,0.00,26836.01,"(0, 0, 0)",0,4584.16845703125,26836.0078125,9708178,-4514490.5,false
510.00,FP000074,18297.10,15.24,15488.41,"(18442.7, 15.24, 15367.1)",44,4584.16845703125,26836.0078125,9707237,-4514490.5,false
510.00,FP000065,12415.62,15.24,20389.07,"(12595.01, 15.24, 20239.59)",44,4584.16845703125,26836.0078125,9707192,-4514490.5,false
510.00,FP000081,10132.71,15.24,22291.27,"(10345.9, 15.24, 22113.63)",44,4584.16845703125,26836.0078125,9706974,-4514490.5,false
510.00,FP000090,4584.17,0.00,26836.01,"(0, 0, 0)",0,4584.16845703125,26836.0078125,9708070,-4514490.5,false
510.00,FP000033,-338.38,0.00,23212.84,"(0, 0, 0)",0,-338.380889892578,23212.84375,9709165,-4514490.5,false
510.00,FP000051,4584.17,0.00,26836.01,"(0, 0, 0)",0,4584.16845703125,26836.0078125,9708242,-4514490.5,false
510.00,FP000005,-338.38,0.00,23212.84,"(0, 0, 0)",0,-338.380889892578,23212.84375,9706341,-4514490.5,false
510.00,FP000038,-338.38,0.00,23212.84,"(0, 0, 0)",0,-338.380889892578,23212.84375,9706078,-4514490.5,false
510.00,FP000011,-338.38,0.00,23212.84,"(0, 0, 0)",0,-338.380889892578,23212.84375,9706821,-4514490.5,false
510.00,FP000031,-338.38,0.00,23212.84,"(0, 0, 0)",0,-338.380889892578,23212.84375,9707128,-4514490.5,false
510.00,FP000056,4584.17,0.00,26836.01,"(0, 0, 0)",0,4584.16845703125,26836.0078125,9707871,-4514490.5,false
510.00,FP000096,4584.17,0.00,26836.01,"(0, 0, 0)",0,4584.16845703125,26836.0078125,9709382,-4514490.5,false
510.00,FP000007,-338.38,0.00,23212.84,"(0, 0, 0)",0,-338.380889892578,23212.84375,9706187,-4514490.5,false
510.00,FP000080,4584.17,0.00,26836.01,"(0, 0, 0)",0,4584.16845703125,26836.0078125,9707961,-4514490.5,false
510.00,FP000071,4584.17,0.00,26836.01,"(0, 0, 0)",0,4584.16845703125,26836.0078125,9708178,-4514490.5,false
520.00,FP000074,18611.71,15.24,15226.27,"(18892.52, 15.24, 14992.29)",44,4584.16845703125,26836.0078125,9707237,-4514490.5,false
520.00,FP000065,12730.23,15.24,20126.93,"(13044.84, 15.24, 19864.78)",44,4584.16845703125,26836.0078125,9707192,-4514490.5,false
520.00,FP000081,10447.32,15.24,22029.13,"(10795.73, 15.24, 21738.82)",44,4584.16845703125,26836.0078125,9706974,-4514490.5,false
520.00,FP000090,4540.61,7.72,26912.08,"(4498.219, 15.24, 26986.12)",44,4584.16845703125,26836.0078125,9708070,-4514490.5,false
520.00,FP000033,-338.38,0.00,23212.84,"(0, 0, 0)",0,-338.380889892578,23212.84375,9709165,-4514490.5,false
520.00,FP000051,4584.17,0.00,26836.01,"(0, 0, 0)",0,4584.16845703125,26836.0078125,9708242,-4514490.5,false
520.00,FP000005,-338.38,0.00,23212.84,"(0, 0, 0)",0,-338.380889892578,23212.84375,9706341,-4514490.5,false
520.00,FP000038,-338.38,0.00,23212.84,"(0, 0, 0)",0,-338.380889892578,23212.84375,9706078,-4514490.5,false
520.00,FP000011,-338.38,0.00,23212.84,"(0, 0, 0)",0,-338.380889892578,23212.84375,9706821,-4514490.5,false
520.00,FP000031,-338.38,0.00,23212.84,"(0, 0, 0)",0,-338.380889892578,23212.84375,9707128,-4514490.5,false
520.00,FP000056,4584.17,0.00,26836.01,"(0, 0, 0)",0,4584.16845703125,26836.0078125,9707871,-4514490.5,false
520.00,FP000096,4584.17,0.00,26836.01,"(0, 0, 0)",0,4584.16845703125,26836.0078125,9709382,-4514490.5,false
520.00,FP000007,-338.38,0.00,23212.84,"(0, 0, 0)",0,-338.380889892578,23212.84375,9706187,-4514490.5,false
520.00,FP000080,4584.17,0.00,26836.01,"(0, 0, 0)",0,4584.16845703125,26836.0078125,9707961,-4514490.5,false
520.00,FP000071,4584.17,0.00,26836.01,"(0, 0, 0)",0,4584.16845703125,26836.0078125,9708178,-4514490.5,false
530.00,FP000074,18926.32,15.24,14964.12,"(19342.34, 15.24, 14617.48)",44,4584.16845703125,26836.0078125,9707237,-4514490.5,false
530.00,FP000065,13044.84,15.24,19864.78,"(13494.66, 15.24, 19489.97)",44,4584.16845703125,26836.0078125,9707192,-4514490.5,false
530.00,FP000081,10785.35,15.24,21747.47,"(10795.73, 15.24, 21738.82)",44,4584.16845703125,26836.0078125,9706974,-4514490.5,false
530.00,FP000090,4768.65,15.24,26760.79,"(4948.042, 15.24, 26611.31)",44,4584.16845703125,26836.0078125,9708070,-4514490.5,false
530.00,FP000033,-338.38,0.00,23212.84,"(0, 0, 0)",0,-338.380889892578,23212.84375,9709165,-4514490.5,false
530.00,FP000051,4584.17,0.00,26836.01,"(0, 0, 0)",0,4584.16845703125,26836.0078125,9708242,-4514490.5,false
530.00,FP000005,-338.38,0.00,23212.84,"(0, 0, 0)",0,-338.380889892578,23212.84375,9706341,-4514490.5,false
530.00,FP000038,-338.38,0.00,23212.84,"(0, 0, 0)",0,-338.380889892578,23212.84375,9706078,-4514490.5,false
530.00,FP000011,-338.38,0.00,23212.84,"(0, 0, 0)",0,-338.380889892578,23212.84375,9706821,-4514490.5,false
530.00,FP000031,-338.38,0.00,23212.84,"(0, 0, 0)",0,-338.380889892578,23212.84375,9707128,-4514490.5,false
530.00,FP000056,4584.17,0.00,26836.01,"(0, 0, 0)",0,4584.16845703125,26836.0078125,9707871,-4514490.5,false
530.00,FP000096,4584.17,0.00,26836.01,"(0, 0, 0)",0,4584.16845703125,26836.0078125,9709382,-4514490.5,false
530.00,FP000007,-338.38,0.00,23212.84,"(0, 0, 0)",0,-338.380889892578,23212.84375,9706187,-4514490.5,false
530.00,FP000080,4584.17,0.00,26836.01,"(0, 0, 0)",0,4584.16845703125,26836.0078125,9707961,-4514490.5,false
530.00,FP000071,4584.17,0.00,26836.01,"(0, 0, 0)",0,4584.16845703125,26836.0078125,9708178,-4514490.5,false
540.00,FP000074,19264.36,15.24,14682.46,"(19342.34, 15.24, 14617.48)",44,4584.16845703125,26836.0078125,9707237,-4514490.5,false
540.00,FP000065,13382.87,15.24,19583.12,"(13494.66, 15.24, 19489.97)",44,4584.16845703125,26836.0078125,9707192,-4514490.5,false
540.00,FP000081,11099.96,15.24,21485.32,"(11245.55, 15.24, 21364.01)",44,4584.16845703125,26836.0078125,9706974,-4514490.5,false
540.00,FP000090,5083.25,15.24,26498.65,"(5397.863, 15.24, 26236.5)",44,4584.16845703125,26836.0078125,9708070,-4514490.5,false
540.00,FP000033,-338.38,0.00,23212.84,"(0, 0, 0)",0,-338.380889892578,23212.84375,9709165,-4514490.5,false
540.00,FP000051,4584.17,0.00,26836.01,"(0, 0, 0)",0,4584.16845703125,26836.0078125,9708242,-4514490.5,false
540.00,FP000005,-338.38,0.00,23212.84,"(0, 0, 0)",0,-338.380889892578,23212.84375,9706341,-4514490.5,false
540.00,FP000038,-338.38,0.00,23212.84,"(0, 0, 0)",0,-338.380889892578,23212.84375,9706078,-4514490.5,false
540.00,FP000011,-338.38,0.00,23212.84,"(0, 0, 0)",0,-338.380889892578,23212.84375,9706821,-4514490.5,false
540.00,FP000031,-338.38,0.00,23212.84,"(0, 0, 0)",0,-338.380889892578,23212.84375,9707128,-4514490.5,false
540.00,FP000056,4584.17,0.00,26836.01,"(0, 0, 0)",0,4584.16845703125,26836.0078125,9707871,-4514490.5,false
540.00,FP000096,4584.17,0.00,26836.01,"(0, 0, 0)",0,4584.16845703125,26836.0078125,9709382,-4514490.5,false
540.00,FP000007,-338.38,0.00,23212.84,"(0, 0, 0)",0,-338.380889892578,23212.84375,9706187,-4514490.5,false
540.00,FP000080,4584.17,0.00,26836.01,"(0, 0, 0)",0,4584.16845703125,26836.0078125,9707961,-4514490.5,false
540.00,FP000071,4584.17,0.00,26836.01,"(0, 0, 0)",0,4584.16845703125,26836.0078125,9708178,-4514490.5,false
550.00,FP000074,19578.96,15.24,14420.32,"(19792.17, 15.24, 14242.67)",44,4584.16845703125,26836.0078125,9707237,-4514490.5,false
550.00,FP000065,13697.48,15.24,19320.98,"(13944.48, 15.24, 19115.17)",44,4584.16845703125,26836.0078125,9707192,-4514490.5,false
550.00,FP000081,11414.57,15.24,21223.18,"(11695.37, 15.24, 20989.2)",44,4584.16845703125,26836.0078125,9706974,-4514490.5,false
550.00,FP000090,5397.86,15.24,26236.50,"(5847.685, 15.24, 25861.7)",44,4584.16845703125,26836.0078125,9708070,-4514490.5,false
550.00,FP000033,-338.38,0.00,23212.84,"(0, 0, 0)",0,-338.380889892578,23212.84375,9709165,-4514490.5,false
550.00,FP000051,4584.17,0.00,26836.01,"(0, 0, 0)",0,4584.16845703125,26836.0078125,9708242,-4514490.5,false
550.00,FP000005,-338.38,0.00,23212.84,"(0, 0, 0)",0,-338.380889892578,23212.84375,9706341,-4514490.5,false
550.00,FP000038,-338.38,0.00,23212.84,"(0, 0, 0)",0,-338.380889892578,23212.84375,9706078,-4514490.5,false
550.00,FP000011,-338.38,0.00,23212.84,"(0, 0, 0)",0,-338.380889892578,23212.84375,9706821,-4514490.5,false
550.00,FP000031,-338.38,0.00,23212.84,"(0, 0, 0)",0,-338.380889892578,23212.84375,9707128,-4514490.5,false
550.00,FP000056,4584.17,0.00,26836.01,"(0, 0, 0)",0,4584.16845703125,26836.0078125,9707871,-4514490.5,false
550.00,FP000096,4584.17,0.00,26836.01,"(0, 0, 0)",0,4584.16845703125,26836.0078125,9709382,-4514490.5,false
550.00,FP000007,-338.38,0.00,23212.84,"(0, 0, 0)",0,-338.380889892578,23212.84375,9706187,-4514490.5,false
550.00,FP000080,4584.17,0.00,26836.01,"(0, 0, 0)",0,4584.16845703125,26836.0078125,9707961,-4514490.5,false
550.00,FP000071,4584.17,0.00,26836.01,"(0, 0, 0)",0,4584.16845703125,26836.0078125,9708178,-4514490.5,false
560.00,FP000074,19893.57,15.24,14158.18,"(20241.99, 15.24, 13867.87)",44,4584.16845703125,26836.0078125,9707237,-4514490.5,false
560.00,FP000065,14012.09,15.24,19058.84,"(14394.3, 15.24, 18740.36)",44,4584.16845703125,26836.0078125,9707192,-4514490.5,false
560.00,FP000081,11729.17,15.24,20961.04,"(12145.19, 15.24, 20614.4)",44,4584.16845703125,26836.0078125,9706974,-4514490.5,false
560.00,FP000090,5735.90,15.24,25954.84,"(5847.685, 15.24, 25861.7)",44,4584.16845703125,26836.0078125,9708070,-4514490.5,false
560.00,FP000033,-338.38,0.00,23212.84,"(0, 0, 0)",0,-338.380889892578,23212.84375,9709165,-4514490.5,false
560.00,FP000051,4584.17,0.00,26836.01,"(0, 0, 0)",0,4584.16845703125,26836.0078125,9708242,-4514490.5,false
560.00,FP000005,-338.38,0.00,23212.84,"(0, 0, 0)",0,-338.380889892578,23212.84375,9706341,-4514490.5,false
560.00,FP000038,-338.38,0.00,23212.84,"(0, 0, 0)",0,-338.380889892578,23212.84375,9706078,-4514490.5,false
560.00,FP000011,-338.38,0.00,23212.84,"(0, 0, 0)",0,-338.380889892578,23212.84375,9706821,-4514490.5,false
560.00,FP000031,-338.38,0.00,23212.84,"(0, 0, 0)",0,-338.380889892578,23212.84375,9707128,-4514490.5,false
560.00,FP000056,4584.17,0.00,26836.01,"(0, 0, 0)",0,4584.16845703125,26836.0078125,9707871,-4514490.5,false
560.00,FP000096,4584.17,0.00,26836.01,"(0, 0, 0)",0,4584.16845703125,26836.0078125,9709382,-4514490.5,false
560.00,FP000007,-338.38,0.00,23212.84,"(0, 0, 0)",0,-338.380889892578,23212.84375,9706187,-4514490.5,false
560.00,FP000080,4584.17,0.00,26836.01,"(0, 0, 0)",0,4584.16845703125,26836.0078125,9707961,-4514490.5,false
560.00,FP000071,4584.17,0.00,26836.01,"(0, 0, 0)",0,4584.16845703125,26836.0078125,9708178,-4514490.5,false
570.00,FP000074,20231.61,15.24,13876.52,"(20241.99, 15.24, 13867.87)",44,4584.16845703125,26836.0078125,9707237,-4514490.5,false
570.00,FP000065,14350.12,15.24,18777.18,"(14394.3, 15.24, 18740.36)",44,4584.16845703125,26836.0078125,9707192,-4514490.5,false
570.00,FP000081,12067.21,15.24,20679.38,"(12145.19, 15.24, 20614.4)",44,4584.16845703125,26836.0078125,9706974,-4514490.5,false
570.00,FP000090,6050.50,15.24,25692.70,"(6297.507, 15.24, 25486.89)",44,4584.16845703125,26836.0078125,9708070,-4514490.5,false
570.00,FP000033,-338.38,0.00,23212.84,"(0, 0, 0)",0,-338.380889892578,23212.84375,9709165,-4514490.5,false
570.00,FP000051,4584.17,0.00,26836.01,"(0, 0, 0)",0,4584.16845703125,26836.0078125,9708242,-4514490.5,false
570.00,FP000005,-338.38,0.00,23212.84,"(0, 0, 0)",0,-338.380889892578,23212.84375,9706341,-4514490.5,false
570.00,FP000038,-338.38,0.00,23212.84,"(0, 0, 0)",0,-338.380889892578,23212.84375,9706078,-4514490.5,false
570.00,FP000011,-338.38,0.00,23212.84,"(0, 0, 0)",0,-338.380889892578,23212.84375,9706821,-4514490.5,false
570.00,FP000031,-338.38,0.00,23212.84,"(0, 0, 0)",0,-338.380889892578,23212.84375,9707128,-4514490.5,false
570.00,FP000056,4584.17,0.00,26836.01,"(0, 0, 0)",0,4584.16845703125,26836.0078125,9707871,-4514490.5,false
570.00,FP000096,4584.17,0.00,26836.01,"(0, 0, 0)",0,4584.16845703125,26836.0078125,9709382,-4514490.5,false
570.00,FP000007,-338.38,0.00,23212.84,"(0, 0, 0)",0,-338.380889892578,23212.84375,9706187,-4514490.5,false
570.00,FP000080,4584.17,0.00,26836.01,"(0, 0, 0)",0,4584.16845703125,26836.0078125,9707961,-4514490.5,false
570.00,FP000071,4584.17,0.00,26836.01,"(0, 0, 0)",0,4584.16845703125,26836.0078125,9708178,-4514490.5,false
580.00,FP000074,20546.21,15.24,13614.37,"(20691.81, 15.24, 13493.06)",44,4584.16845703125,26836.0078125,9707237,-4514490.5,false
580.00,FP000065,14664.73,15.24,18515.03,"(14844.12, 15.24, 18365.55)",44,4584.16845703125,26836.0078125,9707192,-4514490.5,false
580.00,FP000081,12381.82,15.24,20417.23,"(12595.01, 15.24, 20239.59)",44,4584.16845703125,26836.0078125,9706974,-4514490.5,false
580.00,FP000090,6365.11,15.24,25430.56,"(6747.329, 15.24, 25112.08)",44,4584.16845703125,26836.0078125,9708070,-4514490.5,false
580.00,FP000033,-338.38,0.00,23212.84,"(0, 0, 0)",0,-338.380889892578,23212.84375,9709165,-4514490.5,false
580.00,FP000051,4584.17,0.00,26836.01,"(0, 0, 0)",0,4584.16845703125,26836.0078125,9708242,-4514490.5,false
580.00,FP000005,-338.38,0.00,23212.84,"(0, 0, 0)",0,-338.380889892578,23212.84375,9706341,-4514490.5,false
580.00,FP000038,-338.38,0.00,23212.84,"(0, 0, 0)",0,-338.380889892578,23212.84375,9706078,-4514490.5,false
580.00,FP000011,-338.38,0.00,23212.84,"(0, 0, 0)",0,-338.380889892578,23212.84375,9706821,-4514490.5,false
580.00,FP000031,-338.38,0.00,23212.84,"(0, 0, 0)",0,-338.380889892578,23212.84375,9707128,-4514490.5,false
580.00,FP000056,4584.17,0.00,26836.01,"(0, 0, 0)",0,4584.16845703125,26836.0078125,9707871,-4514490.5,false
580.00,FP000096,4584.17,0.00,26836.01,"(0, 0, 0)",0,4584.16845703125,26836.0078125,9709382,-4514490.5,false
580.00,FP000007,-338.38,0.00,23212.84,"(0, 0, 0)",0,-338.380889892578,23212.84375,9706187,-4514490.5,false
580.00,FP000080,4584.17,0.00,26836.01,"(0, 0, 0)",0,4584.16845703125,26836.0078125,9707961,-4514490.5,false
580.00,FP000071,4584.17,0.00,26836.01,"(0, 0, 0)",0,4584.16845703125,26836.0078125,9708178,-4514490.5,false
590.00,FP000074,20860.82,15.24,13352.23,"(21141.63, 15.24, 13118.25)",44,4584.16845703125,26836.0078125,9707237,-4514490.5,false
590.00,FP000065,14979.34,15.24,18252.89,"(15293.95, 15.24, 17990.75)",44,4584.16845703125,26836.0078125,9707192,-4514490.5,false
590.00,FP000081,12696.43,15.24,20155.09,"(13044.84, 15.24, 19864.78)",44,4584.16845703125,26836.0078125,9706974,-4514490.5,false
590.00,FP000090,6703.15,15.24,25148.90,"(6747.329, 15.24, 25112.08)",44,4584.16845703125,26836.0078125,9708070,-4514490.5,false
590.00,FP000033,-338.38,0.00,23212.84,"(0, 0, 0)",0,-338.380889892578,23212.84375,9709165,-4514490.5,false
590.00,FP000051,4584.17,0.00,26836.01,"(0, 0, 0)",0,4584.16845703125,26836.0078125,9708242,-4514490.5,false
590.00,FP000005,-338.38,0.00,23212.84,"(0, 0, 0)",0,-338.380889892578,23212.84375,9706341,-4514490.5,false
590.00,FP000038,-338.38,0.00,23212.84,"(0, 0, 0)",0,-338.380889892578,23212.84375,9706078,-4514490.5,false
590.00,FP000011,-338.38,0.00,23212.84,"(0, 0, 0)",0,-338.380889892578,23212.84375,9706821,-4514490.5,false
590.00,FP000031,-338.38,0.00,23212.84,"(0, 0, 0)",0,-338.380889892578,23212.84375,9707128,-4514490.5,false
590.00,FP000056,4584.17,0.00,26836.01,"(0, 0, 0)",0,4584.16845703125,26836.0078125,9707871,-4514490.5,false
590.00,FP000096,4584.17,0.00,26836.01,"(0, 0, 0)",0,4584.16845703125,26836.0078125,9709382,-4514490.5,false
590.00,FP000007,-338.38,0.00,23212.84,"(0, 0, 0)",0,-338.380889892578,23212.84375,9706187,-4514490.5,false
590.00,FP000080,4584.17,0.00,26836.01,"(0, 0, 0)",0,4584.16845703125,26836.0078125,9707961,-4514490.5,false
590.00,FP000071,4584.17,0.00,26836.01,"(0, 0, 0)",0,4584.16845703125,26836.0078125,9708178,-4514490.5,false
600.00,FP000074,21175.43,15.24,13090.09,"(21591.45, 15.24, 12743.45)",44,4584.16845703125,26836.0078125,9707237,-4514490.5,false
600.00,FP000065,15293.95,15.24,17990.75,"(15743.77, 15.24, 17615.94)",44,4584.16845703125,26836.0078125,9707192,-4514490.5,false
600.00,FP000081,13034.46,15.24,19873.43,"(13044.84, 15.24, 19864.78)",44,4584.16845703125,26836.0078125,9706974,-4514490.5,false
600.00,FP000090,7017.75,15.24,24886.76,"(7197.151, 15.24, 24737.28)",44,4584.16845703125,26836.0078125,9708070,-4514490.5,false
600.00,FP000033,-163.04,7.90,23225.90,"(0, 15.24, 23238.05)",44,-338.380889892578,23212.84375,9709165,-4514490.5,false
600.00,FP000051,4584.17,0.00,26836.01,"(0, 0, 0)",0,4584.16845703125,26836.0078125,9708242,-4514490.5,false
600.00,FP000005,-338.38,0.00,23212.84,"(0, 0, 0)",0,-338.380889892578,23212.84375,9706341,-4514490.5,false
600.00,FP000038,-338.38,0.00,23212.84,"(0, 0, 0)",0,-338.380889892578,23212.84375,9706078,-4514490.5,false
600.00,FP000011,-338.38,0.00,23212.84,"(0, 0, 0)",0,-338.380889892578,23212.84375,9706821,-4514490.5,false
600.00,FP000031,-338.38,0.00,23212.84,"(0, 0, 0)",0,-338.380889892578,23212.84375,9707128,-4514490.5,false
600.00,FP000056,4584.17,0.00,26836.01,"(0, 0, 0)",0,4584.16845703125,26836.0078125,9707871,-4514490.5,false
600.00,FP000096,4584.17,0.00,26836.01,"(0, 0, 0)",0,4584.16845703125,26836.0078125,9709382,-4514490.5,false
600.00,FP000007,-338.38,0.00,23212.84,"(0, 0, 0)",0,-338.380889892578,23212.84375,9706187,-4514490.5,false
600.00,FP000080,4584.17,0.00,26836.01,"(0, 0, 0)",0,4584.16845703125,26836.0078125,9707961,-4514490.5,false
600.00,FP000071,4584.17,0.00,26836.01,"(0, 0, 0)",0,4584.16845703125,26836.0078125,9708178,-4514490.5,false
610.00,FP000074,21513.46,15.24,12808.43,"(21591.45, 15.24, 12743.45)",44,4584.16845703125,26836.0078125,9707237,-4514490.5,false
610.00,FP000065,15631.98,15.24,17709.09,"(15743.77, 15.24, 17615.94)",44,4584.16845703125,26836.0078125,9707192,-4514490.5,false
610.00,FP000081,13349.07,15.24,19611.29,"(13494.66, 15.24, 19489.97)",44,4584.16845703125,26836.0078125,9706974,-4514490.5,false
610.00,FP000090,7332.36,15.24,24624.61,"(7646.973, 15.24, 24362.47)",44,4584.16845703125,26836.0078125,9708070,-4514490.5,false
610.00,FP000033,202.82,15.24,23069.05,"(449.822, 15.24, 22863.24)",44,-338.380889892578,23212.84375,9709165,-4514490.5,false
610.00,FP000051,4584.17,0.00,26836.01,"(0, 0, 0)",0,4584.16845703125,26836.0078125,9708242,-4514490.5,false
610.00,FP000005,-338.38,0.00,23212.84,"(0, 0, 0)",0,-338.380889892578,23212.84375,9706341,-4514490.5,false
610.00,FP000038,-338.38,0.00,23212.84,"(0, 0, 0)",0,-338.380889892578,23212.84375,9706078,-4514490.5,false
610.00,FP000011,-338.38,0.00,23212.84,"(0, 0, 0)",0,-338.380889892578,23212.84375,9706821,-4514490.5,false
610.00,FP000031,-338.38,0.00,23212.84,"(0, 0, 0)",0,-338.380889892578,23212.84375,9707128,-4514490.5,false
610.00,FP000056,4584.17,0.00,26836.01,"(0, 0, 0)",0,4584.16845703125,26836.0078125,9707871,-4514490.5,false
610.00,FP000096,4584.17,0.00,26836.01,"(0, 0, 0)",0,4584.16845703125,26836.0078125,9709382,-4514490.5,false
610.00,FP000007,-338.38,0.00,23212.84,"(0, 0, 0)",0,-338.380889892578,23212.84375,9706187,-4514490.5,false
610.00,FP000080,4584.17,0.00,26836.01,"(0, 0, 0)",0,4584.16845703125,26836.0078125,9707961,-4514490.5,false
610.00,FP000071,4584.17,0.00,26836.01,"(0, 0, 0)",0,4584.16845703125,26836.0078125,9708178,-4514490.5,false
620.00,FP000074,21828.07,15.24,12546.28,"(22041.28, 15.24, 12368.64)",44,4584.16845703125,26836.0078125,9707237,-4514490.5,false
620.00,FP000065,15946.59,15.24,17446.94,"(16193.59, 15.24, 17241.13)",44,4584.16845703125,26836.0078125,9707192,-4514490.5,false
620.00,FP000081,13663.68,15.24,19349.14,"(13944.48, 15.24, 19115.17)",44,4584.16845703125,26836.0078125,9706974,-4514490.5,false
620.00,FP000090,7646.97,15.24,24362.47,"(8096.795, 15.24, 23987.66)",44,4584.16845703125,26836.0078125,9708070,-4514490.5,false
620.00,FP000033,517.43,15.24,22806.91,"(899.6439, 15.24, 22488.43)",44,-338.380889892578,23212.84375,9709165,-4514490.5,false
620.00,FP000051,4584.17,0.00,26836.01,"(0, 0, 0)",0,4584.16845703125,26836.0078125,9708242,-4514490.5,false
620.00,FP000005,-338.38,0.00,23212.84,"(0, 0, 0)",0,-338.380889892578,23212.84375,9706341,-4514490.5,false
620.00,FP000038,-338.38,0.00,23212.84,"(0, 0, 0)",0,-338.380889892578,23212.84375,9706078,-4514490.5,false
620.00,FP000011,-338.38,0.00,23212.84,"(0, 0, 0)",0,-338.380889892578,23212.84375,9706821,-4514490.5,false
620.00,FP000031,-338.38,0.00,23212.84,"(0, 0, 0)",0,-338.380889892578,23212.84375,9707128,-4514490.5,false
620.00,FP000056,4584.17,0.00,26836.01,"(0, 0, 0)",0,4584.16845703125,26836.0078125,9707871,-4514490.5,false
620.00,FP000096,4584.17,0.00,26836.01,"(0, 0, 0)",0,4584.16845703125,26836.0078125,9709382,-4514490.5,false
620.00,FP000007,-338.38,0.00,23212.84,"(0, 0, 0)",0,-338.380889892578,23212.84375,9706187,-4514490.5,false
620.00,FP000080,4584.17,0.00,26836.01,"(0, 0, 0)",0,4584.16845703125,26836.0078125,9707961,-4514490.5,false
620.00,FP000071,4584.17,0.00,26836.01,"(0, 0, 0)",0,4584.16845703125,26836.0078125,9708178,-4514490.5,false
630.00,FP000074,22142.68,15.24,12284.14,"(22491.1, 15.24, 11993.83)",44,4584.16845703125,26836.0078125,9707237,-4514490.5,false
630.00,FP000065,16261.20,15.24,17184.80,"(16643.41, 15.24, 16866.32)",44,4584.16845703125,26836.0078125,9707192,-4514490.5,false
630.00,FP000081,13978.28,15.24,19087.00,"(14394.3, 15.24, 18740.36)",44,4584.16845703125,26836.0078125,9706974,-4514490.5,false
630.00,FP000090,7985.01,15.24,24080.81,"(8096.795, 15.24, 23987.66)",44,4584.16845703125,26836.0078125,9708070,-4514490.5,false
630.00,FP000033,855.46,15.24,22525.25,"(899.6439, 15.24, 22488.43)",44,-338.380889892578,23212.84375,9709165,-4514490.5,false
630.00,FP000051,4584.17,0.00,26836.01,"(0, 0, 0)",0,4584.16845703125,26836.0078125,9708242,-4514490.5,false
630.00,FP000005,-338.38,0.00,23212.84,"(0, 0, 0)",0,-338.380889892578,23212.84375,9706341,-4514490.5,false
630.00,FP000038,-338.38,0.00,23212.84,"(0, 0, 0)",0,-338.380889892578,23212.84375,9706078,-4514490.5,false
630.00,FP000011,-338.38,0.00,23212.84,"(0, 0, 0)",0,-338.380889892578,23212.84375,9706821,-4514490.5,false
630.00,FP000031,-338.38,0.00,23212.84,"(0, 0, 0)",0,-338.380889892578,23212.84375,9707128,-4514490.5,false
630.00,FP000056,4584.17,0.00,26836.01,"(0, 0, 0)",0,4584.16845703125,26836.0078125,9707871,-4514490.5,false
630.00,FP000096,4584.17,0.00,26836.01,"(0, 0, 0)",0,4584.16845703125,26836.0078125,9709382,-4514490.5,false
630.00,FP000007,-338.38,0.00,23212.84,"(0, 0, 0)",0,-338.380889892578,23212.84375,9706187,-4514490.5,false
630.00,FP000080,4584.17,0.00,26836.01,"(0, 0, 0)",0,4584.16845703125,26836.0078125,9707961,-4514490.5,false
630.00,FP000071,4584.17,0.00,26836.01,"(0, 0, 0)",0,4584.16845703125,26836.0078125,9708178,-4514490.5,false
640.00,FP000074,22480.72,15.24,12002.48,"(22491.1, 15.24, 11993.83)",44,4584.16845703125,26836.0078125,9707237,-4514490.5,false
640.00,FP000065,16599.23,15.24,16903.14,"(16643.41, 15.24, 16866.32)",44,4584.16845703125,26836.0078125,9707192,-4514490.5,false
640.00,FP000081,14316.32,15.24,18805.34,"(14394.3, 15.24, 18740.36)",44,4584.16845703125,26836.0078125,9706974,-4514490.5,false
640.00,FP000090,8299.62,15.24,23818.67,"(8546.617, 15.24, 23612.85)",44,4584.16845703125,26836.0078125,9708070,-4514490.5,false
640.00,FP000033,1170.07,15.24,22263.10,"(1349.466, 15.24, 22113.63)",44,-338.380889892578,23212.84375,9709165,-4514490.5,false
640.00,FP000051,4584.17,0.00,26836.01,"(0, 0, 0)",0,4584.16845703125,26836.0078125,9708242,-4514490.5,false
640.00,FP000005,-338.38,0.00,23212.84,"(0, 0, 0)",0,-338.380889892578,23212.84375,9706341,-4514490.5,false
640.00,FP000038,-338.38,0.00,23212.84,"(0, 0, 0)",0,-338.380889892578,23212.84375,9706078,-4514490.5,false
640.00,FP000011,-338.38,0.00,23212.84,"(0, 0, 0)",0,-338.380889892578,23212.84375,9706821,-4514490.5,false
640.00,FP000031,-338.38,0.00,23212.84,"(0, 0, 0)",0,-338.380889892578,23212.84375,9707128,-4514490.5,false
640.00,FP000056,4584.17,0.00,26836.01,"(0, 0, 0)",0,4584.16845703125,26836.0078125,9707871,-4514490.5,false
640.00,FP000096,4584.17,0.00,26836.01,"(0, 0, 0)",0,4584.16845703125,26836.0078125,9709382,-4514490.5,false
640.00,FP000007,-338.38,0.00,23212.84,"(0, 0, 0)",0,-338.380889892578,23212.84375,9706187,-4514490.5,false
640.00,FP000080,4584.17,0.00,26836.01,"(0, 0, 0)",0,4584.16845703125,26836.0078125,9707961,-4514490.5,false
640.00,FP000071,4584.17,0.00,26836.01,"(0, 0, 0)",0,4584.16845703125,26836.0078125,9708178,-4514490.5,false
650.00,FP000074,22795.32,15.24,11740.34,"(22940.92, 15.24, 11619.02)",44,4584.16845703125,26836.0078125,9707237,-4514490.5,false
650.00,FP000065,16913.83,15.24,16641.00,"(17093.23, 15.24, 16491.52)",44,4584.16845703125,26836.0078125,9707192,-4514490.5,false
650.00,FP000081,14630.93,15.24,18543.20,"(14844.12, 15.24, 18365.55)",44,4584.16845703125,26836.0078125,9706974,-4514490.5,false
650.00,FP000090,8614.22,15.24,23556.52,"(8996.438, 15.24, 23238.05)",44,4584.16845703125,26836.0078125,9708070,-4514490.5,false
650.00,FP000033,1525.47,15.24,22113.63,"(1799.288, 15.24, 22113.63)",44,-338.380889892578,23212.84375,9709165,-4514490.5,false
650.00,FP000051,4584.17,0.00,26836.01,"(0, 0, 0)",0,4584.16845703125,26836.0078125,9708242,-4514490.5,false
650.00,FP000005,-338.38,0.00,23212.84,"(0, 0, 0)",0,-338.380889892578,23212.84375,9706341,-4514490.5,false
650.00,FP000038,-338.38,0.00,23212.84,"(0, 0, 0)",0,-338.380889892578,23212.84375,9706078,-4514490.5,false
650.00,FP000011,-338.38,0.00,23212.84,"(0, 0, 0)",0,-338.380889892578,23212.84375,9706821,-4514490.5,false
650.00,FP000031,-338.38,0.00,23212.84,"(0, 0, 0)",0,-338.380889892578,23212.84375,9707128,-4514490.5,false
650.00,FP000056,4584.17,0.00,26836.01,"(0, 0, 0)",0,4584.16845703125,26836.0078125,9707871,-4514490.5,false
650.00,FP000096,4584.17,0.00,26836.01,"(0, 0, 0)",0,4584.16845703125,26836.0078125,9709382,-4514490.5,false
650.00,FP000007,-338.38,0.00,23212.84,"(0, 0, 0)",0,-338.380889892578,23212.84375,9706187,-4514490.5,false
650.00,FP000080,4584.17,0.00,26836.01,"(0, 0, 0)",0,4584.16845703125,26836.0078125,9707961,-4514490.5,false
650.00,FP000071,4584.17,0.00,26836.01,"(0, 0, 0)",0,4584.16845703125,26836.0078125,9708178,-4514490.5,false
660.00,FP000074,23109.93,15.24,11478.19,"(23390.74, 15.24, 11244.22)",44,4584.16845703125,26836.0078125,9707237,-4514490.5,false
660.00,FP000065,17228.45,15.24,16378.85,"(17543.06, 15.24, 16116.71)",44,4584.16845703125,26836.0078125,9707192,-4514490.5,false
660.00,FP000081,14945.54,15.24,18281.05,"(15293.95, 15.24, 17990.75)",44,4584.16845703125,26836.0078125,9706974,-4514490.5,false
660.00,FP000090,8952.26,15.24,23274.86,"(8996.438, 15.24, 23238.05)",44,4584.16845703125,26836.0078125,9708070,-4514490.5,false
660.00,FP000033,1900.70,15.24,22029.13,"(2249.11, 15.24, 21738.82)",44,-338.380889892578,23212.84375,9709165,-4514490.5,false
660.00,FP000051,4584.17,0.00,26836.01,"(0, 0, 0)",0,4584.16845703125,26836.0078125,9708242,-4514490.5,false
660.00,FP000005,-338.38,0.00,23212.84,"(0, 0, 0)",0,-338.380889892578,23212.84375,9706341,-4514490.5,false
660.00,FP000038,-338.38,0.00,23212.84,"(0, 0, 0)",0,-338.380889892578,23212.84375,9706078,-4514490.5,false
660.00,FP000011,-338.38,0.00,23212.84,"(0, 0, 0)",0,-338.380889892578,23212.84375,9706821,-4514490.5,false
660.00,FP000031,-338.38,0.00,23212.84,"(0, 0, 0)",0,-338.380889892578,23212.84375,9707128,-4514490.5,false
660.00,FP000056,4584.17,0.00,26836.01,"(0, 0, 0)",0,4584.16845703125,26836.0078125,9707871,-4514490.5,false
660.00,FP000096,4584.17,0.00,26836.01,"(0, 0, 0)",0,4584.16845703125,26836.0078125,9709382,-4514490.5,false
660.00,FP000007,-338.38,0.00,23212.84,"(0, 0, 0)",0,-338.380889892578,23212.84375,9706187,-4514490.5,false
660.00,FP000080,4584.17,0.00,26836.01,"(0, 0, 0)",0,4584.16845703125,26836.0078125,9707961,-4514490.5,false
660.00,FP000071,4584.17,0.00,26836.01,"(0, 0, 0)",0,4584.16845703125,26836.0078125,9708178,-4514490.5,false
660.00,FP000078,4584.17,0.00,26836.01,"(0, 0, 0)",0,4584.16845703125,26836.0078125,9707391,-4514490.5,false
670.00,FP000074,23424.54,15.24,11216.05,"(23840.56, 15.24, 10869.41)",44,4584.16845703125,26836.0078125,9707237,-4514490.5,false
670.00,FP000065,17543.06,15.24,16116.71,"(17992.88, 15.24, 15741.9)",44,4584.16845703125,26836.0078125,9707192,-4514490.5,false
670.00,FP000081,15283.57,15.24,17999.39,"(15293.95, 15.24, 17990.75)",44,4584.16845703125,26836.0078125,9706974,-4514490.5,false
670.00,FP000090,9266.87,15.24,23012.72,"(9446.261, 15.24, 22863.24)",44,4584.16845703125,26836.0078125,9708070,-4514490.5,false
670.00,FP000033,2238.73,15.24,21747.47,"(2249.11, 15.24, 21738.82)",44,-338.380889892578,23212.84375,9709165,-4514490.5,false
670.00,FP000051,4584.17,0.00,26836.01,"(0, 0, 0)",0,4584.16845703125,26836.0078125,9708242,-4514490.5,false
670.00,FP000005,-338.38,0.00,23212.84,"(0, 0, 0)",0,-338.380889892578,23212.84375,9706341,-4514490.5,false
670.00,FP000038,-338.38,0.00,23212.84,"(0, 0, 0)",0,-338.380889892578,23212.84375,9706078,-4514490.5,false
670.00,FP000011,-338.38,0.00,23212.84,"(0, 0, 0)",0,-338.380889892578,23212.84375,9706821,-4514490.5,false
670.00,FP000031,-338.38,0.00,23212.84,"(0, 0, 0)",0,-338.380889892578,23212.84375,9707128,-4514490.5,false
670.00,FP000056,4584.17,0.00,26836.01,"(0, 0, 0)",0,4584.16845703125,26836.0078125,9707871,-4514490.5,false
670.00,FP000096,4584.17,0.00,26836.01,"(0, 0, 0)",0,4584.16845703125,26836.0078125,9709382,-4514490.5,false
670.00,FP000007,-338.38,0.00,23212.84,"(0, 0, 0)",0,-338.380889892578,23212.84375,9706187,-4514490.5,false
670.00,FP000080,4584.17,0.00,26836.01,"(0, 0, 0)",0,4584.16845703125,26836.0078125,9707961,-4514490.5,false
670.00,FP000071,4584.17,0.00,26836.01,"(0, 0, 0)",0,4584.16845703125,26836.0078125,9708178,-4514490.5,false
670.00,FP000078,4584.17,0.00,26836.01,"(0, 0, 0)",0,4584.16845703125,26836.0078125,9707391,-4514490.5,false
680.00,FP000074,23762.57,15.24,10934.39,"(23840.56, 15.24, 10869.41)",44,4584.16845703125,26836.0078125,9707237,-4514490.5,false
680.00,FP000065,17881.08,15.24,15835.05,"(17992.88, 15.24, 15741.9)",44,4584.16845703125,26836.0078125,9707192,-4514490.5,false
680.00,FP000081,15598.18,15.24,17737.25,"(15743.77, 15.24, 17615.94)",44,4584.16845703125,26836.0078125,9706974,-4514490.5,false
680.00,FP000090,9581.48,15.24,22750.58,"(9896.083, 15.24, 22488.43)",44,4584.16845703125,26836.0078125,9708070,-4514490.5,false
680.00,FP000033,2553.34,15.24,21485.32,"(2698.932, 15.24, 21364.01)",44,-338.380889892578,23212.84375,9709165,-4514490.5,false
680.00,FP000051,4584.17,0.00,26836.01,"(0, 0, 0)",0,4584.16845703125,26836.0078125,9708242,-4514490.5,false
680.00,FP000005,-338.38,0.00,23212.84,"(0, 0, 0)",0,-338.380889892578,23212.84375,9706341,-4514490.5,false
680.00,FP000038,-338.38,0.00,23212.84,"(0, 0, 0)",0,-338.380889892578,23212.84375,9706078,-4514490.5,false
680.00,FP000011,-338.38,0.00,23212.84,"(0, 0, 0)",0,-338.380889892578,23212.84375,9706821,-4514490.5,false
680.00,FP000031,-338.38,0.00,23212.84,"(0, 0, 0)",0,-338.380889892578,23212.84375,9707128,-4514490.5,false
680.00,FP000056,4584.17,0.00,26836.01,"(0, 0, 0)",0,4584.16845703125,26836.0078125,9707871,-4514490.5,false
680.00,FP000096,4584.17,0.00,26836.01,"(0, 0, 0)",0,4584.16845703125,26836.0078125,9709382,-4514490.5,false
680.00,FP000007,-338.38,0.00,23212.84,"(0, 0, 0)",0,-338.380889892578,23212.84375,9706187,-4514490.5,false
680.00,FP000080,4584.17,0.00,26836.01,"(0, 0, 0)",0,4584.16845703125,26836.0078125,9707961,-4514490.5,false
680.00,FP000071,4584.17,0.00,26836.01,"(0, 0, 0)",0,4584.16845703125,26836.0078125,9708178,-4514490.5,false
680.00,FP000078,4584.17,0.00,26836.01,"(0, 0, 0)",0,4584.16845703125,26836.0078125,9707391,-4514490.5,false
690.00,FP000074,24077.18,15.24,10672.25,"(24290.38, 15.24, 10494.6)",44,4584.16845703125,26836.0078125,9707237,-4514490.5,false
690.00,FP000065,18195.69,15.24,15572.91,"(18442.7, 15.24, 15367.1)",44,4584.16845703125,26836.0078125,9707192,-4514490.5,false
690.00,FP000081,15912.79,15.24,17475.11,"(16193.59, 15.24, 17241.13)",44,4584.16845703125,26836.0078125,9706974,-4514490.5,false
690.00,FP000090,9896.08,15.24,22488.43,"(10345.9, 15.24, 22113.63)",44,4584.16845703125,26836.0078125,9708070,-4514490.5,false
690.00,FP000033,2867.95,15.24,21223.18,"(3148.754, 15.24, 20989.2)",44,-338.380889892578,23212.84375,9709165,-4514490.5,false
690.00,FP000051,4584.17,0.00,26836.01,"(0, 0, 0)",0,4584.16845703125,26836.0078125,9708242,-4514490.5,false
690.00,FP000005,-338.38,0.00,23212.84,"(0, 0, 0)",0,-338.380889892578,23212.84375,9706341,-4514490.5,false
690.00,FP000038,-338.38,0.00,23212.84,"(0, 0, 0)",0,-338.380889892578,23212.84375,9706078,-4514490.5,false
690.00,FP000011,-338.38,0.00,23212.84,"(0, 0, 0)",0,-338.380889892578,23212.84375,9706821,-4514490.5,false
690.00,FP000031,-338.38,0.00,23212.84,"(0, 0, 0)",0,-338.380889892578,23212.84375,9707128,-4514490.5,false
690.00,FP000056,4584.17,0.00,26836.01,"(0, 0, 0)",0,4584.16845703125,26836.0078125,9707871,-4514490.5,false
690.00,FP000096,4584.17,0.00,26836.01,"(0, 0, 0)",0,4584.16845703125,26836.0078125,9709382,-4514490.5,false
690.00,FP000007,-338.38,0.00,23212.84,"(0, 0, 0)",0,-338.380889892578,23212.84375,9706187,-4514490.5,false
690.00,FP000080,4584.17,0.00,26836.01,"(0, 0, 0)",0,4584.16845703125,26836.0078125,9707961,-4514490.5,false
690.00,FP000071,4584.17,0.00,26836.01,"(0, 0, 0)",0,4584.16845703125,26836.0078125,9708178,-4514490.5,false
690.00,FP000078,4584.17,0.00,26836.01,"(0, 0, 0)",0,4584.16845703125,26836.0078125,9707391,-4514490.5,false
700.00,FP000074,24391.79,15.24,10410.10,"(24740.21, 15.24, 10119.79)",44,4584.16845703125,26836.0078125,9707237,-4514490.5,false
700.00,FP000065,18510.30,15.24,15310.76,"(18892.52, 15.24, 14992.29)",44,4584.16845703125,26836.0078125,9707192,-4514490.5,false
700.00,FP000081,16227.39,15.24,17212.96,"(16643.41, 15.24, 16866.32)",44,4584.16845703125,26836.0078125,9706974,-4514490.5,false
700.00,FP000090,10234.12,15.24,22206.77,"(10345.9, 15.24, 22113.63)",44,4584.16845703125,26836.0078125,9708070,-4514490.5,false
700.00,FP000033,3182.56,15.24,20961.04,"(3598.576, 15.24, 20614.4)",44,-338.380889892578,23212.84375,9709165,-4514490.5,false
700.00,FP000051,4584.17,0.00,26836.01,"(0, 0, 0)",0,4584.16845703125,26836.0078125,9708242,-4514490.5,false
700.00,FP000005,-338.38,0.00,23212.84,"(0, 0, 0)",0,-338.380889892578,23212.84375,9706341,-4514490.5,false
700.00,FP000038,-338.38,0.00,23212.84,"(0, 0, 0)",0,-338.380889892578,23212.84375,9706078,-4514490.5,false
700.00,FP000011,-338.38,0.00,23212.84,"(0, 0, 0)",0,-338.380889892578,23212.84375,9706821,-4514490.5,false
700.00,FP000031,-338.38,0.00,23212.84,"(0, 0, 0)",0,-338.380889892578,23212.84375,9707128,-4514490.5,false
700.00,FP000056,4584.17,0.00,26836.01,"(0, 0, 0)",0,4584.16845703125,26836.0078125,9707871,-4514490.5,false
700.00,FP000096,4584.17,0.00,26836.01,"(0, 0, 0)",0,4584.16845703125,26836.0078125,9709382,-4514490.5,false
700.00,FP000007,-338.38,0.00,23212.84,"(0, 0, 0)",0,-338.380889892578,23212.84375,9706187,-4514490.5,false
700.00,FP000080,4584.17,0.00,26836.01,"(0, 0, 0)",0,4584.16845703125,26836.0078125,9707961,-4514490.5,false
700.00,FP000071,4584.17,0.00,26836.01,"(0, 0, 0)",0,4584.16845703125,26836.0078125,9708178,-4514490.5,false
700.00,FP000078,4584.17,0.00,26836.01,"(0, 0, 0)",0,4584.16845703125,26836.0078125,9707391,-4514490.5,false
710.00,FP000074,24729.83,15.24,10128.44,"(24740.21, 15.24, 10119.79)",44,4584.16845703125,26836.0078125,9707237,-4514490.5,false
710.00,FP000065,18848.34,15.24,15029.10,"(18892.52, 15.24, 14992.29)",44,4584.16845703125,26836.0078125,9707192,-4514490.5,false
710.00,FP000081,16565.43,15.24,16931.30,"(16643.41, 15.24, 16866.32)",44,4584.16845703125,26836.0078125,9706974,-4514490.5,false
710.00,FP000090,10548.73,15.24,21944.63,"(10795.73, 15.24, 21738.82)",44,4584.16845703125,26836.0078125,9708070,-4514490.5,false
710.00,FP000033,3520.59,15.24,20679.38,"(3598.576, 15.24, 20614.4)",44,-338.380889892578,23212.84375,9709165,-4514490.5,false
710.00,FP000051,4584.17,0.00,26836.01,"(0, 0, 0)",0,4584.16845703125,26836.0078125,9708242,-4514490.5,false
710.00,FP000005,-338.38,0.00,23212.84,"(0, 0, 0)",0,-338.380889892578,23212.84375,9706341,-4514490.5,false
710.00,FP000038,-338.38,0.00,23212.84,"(0, 0, 0)",0,-338.380889892578,23212.84375,9706078,-4514490.5,false
710.00,FP000011,-338.38,0.00,23212.84,"(0, 0, 0)",0,-338.380889892578,23212.84375,9706821,-4514490.5,false
710.00,FP000031,-338.38,0.00,23212.84,"(0, 0, 0)",0,-338.380889892578,23212.84375,9707128,-4514490.5,false
710.00,FP000056,4584.17,0.00,26836.01,"(0, 0, 0)",0,4584.16845703125,26836.0078125,9707871,-4514490.5,false
710.00,FP000096,4584.17,0.00,26836.01,"(0, 0, 0)",0,4584.16845703125,26836.0078125,9709382,-4514490.5,false
710.00,FP000007,-338.38,0.00,23212.84,"(0, 0, 0)",0,-338.380889892578,23212.84375,9706187,-4514490.5,false
710.00,FP000080,4584.17,0.00,26836.01,"(0, 0, 0)",0,4584.16845703125,26836.0078125,9707961,-4514490.5,false
710.00,FP000071,4584.17,0.00,26836.01,"(0, 0, 0)",0,4584.16845703125,26836.0078125,9708178,-4514490.5,false
710.00,FP000078,4584.17,0.00,26836.01,"(0, 0, 0)",0,4584.16845703125,26836.0078125,9707391,-4514490.5,false
720.00,FP000074,25044.43,15.24,9866.30,"(25190.03, 15.24, 9744.987)",44,4584.16845703125,26836.0078125,9707237,-4514490.5,false
720.00,FP000065,19162.94,15.24,14766.96,"(19342.34, 15.24, 14617.48)",44,4584.16845703125,26836.0078125,9707192,-4514490.5,false
720.00,FP000081,16880.03,15.24,16669.16,"(17093.23, 15.24, 16491.52)",44,4584.16845703125,26836.0078125,9706974,-4514490.5,false
720.00,FP000090,10863.33,15.24,21682.49,"(11245.55, 15.24, 21364.01)",44,4584.16845703125,26836.0078125,9708070,-4514490.5,false
720.00,FP000033,3835.20,15.24,20417.23,"(4048.397, 15.24, 20239.59)",44,-338.380889892578,23212.84375,9709165,-4514490.5,false
720.00,FP000051,4584.17,0.00,26836.01,"(0, 0, 0)",0,4584.16845703125,26836.0078125,9708242,-4514490.5,false
720.00,FP000005,-338.38,0.00,23212.84,"(0, 0, 0)",0,-338.380889892578,23212.84375,9706341,-4514490.5,false
720.00,FP000038,-338.38,0.00,23212.84,"(0, 0, 0)",0,-338.380889892578,23212.84375,9706078,-4514490.5,false
720.00,FP000011,-338.38,0.00,23212.84,"(0, 0, 0)",0,-338.380889892578,23212.84375,9706821,-4514490.5,false
720.00,FP000031,-338.38,0.00,23212.84,"(0, 0, 0)",0,-338.380889892578,23212.84375,9707128,-4514490.5,false
720.00,FP000056,4584.17,0.00,26836.01,"(0, 0, 0)",0,4584.16845703125,26836.0078125,9707871,-4514490.5,false
720.00,FP000096,4584.17,0.00,26836.01,"(0, 0, 0)",0,4584.16845703125,26836.0078125,9709382,-4514490.5,false
720.00,FP000007,-338.38,0.00,23212.84,"(0, 0, 0)",0,-338.380889892578,23212.84375,9706187,-4514490.5,false
720.00,FP000080,4584.17,0.00,26836.01,"(0, 0, 0)",0,4584.16845703125,26836.0078125,9707961,-4514490.5,false
720.00,FP000071,4584.17,0.00,26836.01,"(0, 0, 0)",0,4584.16845703125,26836.0078125,9708178,-4514490.5,false
720.00,FP000078,4584.17,0.00,26836.01,"(0, 0, 0)",0,4584.16845703125,26836.0078125,9707391,-4514490.5,false
730.00,FP000074,25359.04,15.24,9604.16,"(25639.85, 15.24, 9370.181)",44,4584.16845703125,26836.0078125,9707237,-4514490.5,false
730.00,FP000065,19477.55,15.24,14504.82,"(19792.17, 15.24, 14242.67)",44,4584.16845703125,26836.0078125,9707192,-4514490.5,false
730.00,FP000081,17194.64,15.24,16407.02,"(17543.06, 15.24, 16116.71)",44,4584.16845703125,26836.0078125,9706974,-4514490.5,false
730.00,FP000090,11201.37,15.24,21400.83,"(11245.55, 15.24, 21364.01)",44,4584.16845703125,26836.0078125,9708070,-4514490.5,false
730.00,FP000033,4149.81,15.24,20155.09,"(4498.219, 15.24, 19864.78)",44,-338.380889892578,23212.84375,9709165,-4514490.5,false
730.00,FP000051,4584.17,0.00,26836.01,"(0, 0, 0)",0,4584.16845703125,26836.0078125,9708242,-4514490.5,false
730.00,FP000005,-338.38,0.00,23212.84,"(0, 0, 0)",0,-338.380889892578,23212.84375,9706341,-4514490.5,false
730.00,FP000038,-338.38,0.00,23212.84,"(0, 0, 0)",0,-338.380889892578,23212.84375,9706078,-4514490.5,false
730.00,FP000011,-338.38,0.00,23212.84,"(0, 0, 0)",0,-338.380889892578,23212.84375,9706821,-4514490.5,false
730.00,FP000031,-338.38,0.00,23212.84,"(0, 0, 0)",0,-338.380889892578,23212.84375,9707128,-4514490.5,false
730.00,FP000056,4584.17,0.00,26836.01,"(0, 0, 0)",0,4584.16845703125,26836.0078125,9707871,-4514490.5,false
730.00,FP000096,4584.17,0.00,26836.01,"(0, 0, 0)",0,4584.16845703125,26836.0078125,9709382,-4514490.5,false
730.00,FP000007,-338.38,0.00,23212.84,"(0, 0, 0)",0,-338.380889892578,23212.84375,9706187,-4514490.5,false
730.00,FP000080,4584.17,0.00,26836.01,"(0, 0, 0)",0,4584.16845703125,26836.0078125,9707961,-4514490.5,false
730.00,FP000071,4584.17,0.00,26836.01,"(0, 0, 0)",0,4584.16845703125,26836.0078125,9708178,-4514490.5,false
730.00,FP000078,4584.17,0.00,26836.01,"(0, 0, 0)",0,4584.16845703125,26836.0078125,9707391,-4514490.5,false
730.00,FP000053,4584.17,0.00,26836.01,"(0, 0, 0)",0,4584.16845703125,26836.0078125,9706667,-4514490.5,false
